Protein1,Protein2
P61956,Q9HC62
P09471,Q9NZC9
O95169,Q9HCR9
A5PLK6,Q8IUQ4
Q9H2H0,Q9UPC5
P28223,Q14515
P28074,Q7Z7J9
Q7Z7F7,Q96RP9
A2A2Z9,P07766
P50591,Q13158
P05386,P46782
P29373,P30532
Q8NBD8,Q92585
P09001,Q9NRX2
P01597,P60228
P51159,Q5T2L2
P59768,Q96E35
Q5XKR9,Q92633
P07202,P16035
O14734,Q9BPX1
P05120,P34910
O43674,Q16676
Q9H5V9,Q9P013
Q8N684,Q9NVE4
O43741,P54619
P08621,P62308
P62873,P63096
C9JPN9,Q9UHD2
P62306,Q16637
Q52LA3,Q969E2
Q96A72,Q9Y5S9
P62249,P62847
P51798,Q16655
P12004,Q8NBX0
Q15323,Q8N5M4
A4D1E9,Q9NUL7
A8MV65,Q15762
P03905,P31930
O43824,Q6P161
Q6UE05,Q8TAG5
P06899,P53990
P05387,Q07020
P33991,P80162
P40337,Q6ZNX1
P20226,Q8IZF3
Q16552,Q7Z449
P15622,P60369
Q03188,Q9H081
P24588,Q9H6W3
O15504,Q53GS7
P63279,Q16665
P26715,P61769
Q9HB90,Q9P278
A2A3K4,P50225
P01116,P10321
P37173,Q96KM6
P34903,P35249
O60888,Q8NHG7
P18621,Q9Y3U8
O95396,P11686
O43513,P52434
P62308,Q16637
O75952,P15923
P52434,Q9NPJ6
P08559,P47872
Q13601,Q15061
P05387,P62424
P0CG08,Q53GS7
Q7L5N1,Q99627
P62899,P62987
A7MD48,P01763
O75152,P47870
O00206,Q86XR7
P01857,Q9UNQ2
P62081,Q9H7T0
P01730,Q9NV64
O75506,Q8WWU7
Q96A35,Q9HC36
P83731,Q8IZS6
P13861,Q9P0M2
P0DMV0,Q9Y3C7
P04637,P04908
P40429,Q96EY4
P60604,Q8NC67
P05198,Q9NR50
P09693,P0CF51
Q9P0J6,Q9Y2R5
P24386,P62316
O60829,Q9UNA4
P0C0P6,Q9Y2T5
O43824,Q7Z7H8
Q16594,Q6JVE9
P01850,P01889
P10606,Q8ND90
P63279,Q9BUZ4
A0A1W2PRV1,O94941
Q8NGM1,Q92542
A1L020,Q5VYX0
P22681,P78333
P60510,Q6ZYL4
P18124,P39019
P11177,Q13151
Q16515,Q8IX90
A6NGE7,P50553
P01920,Q5T4I8
P62241,P83881
Q16819,Q8IUQ4
P10114,Q96H22
P46781,P60866
P19429,P45379
P42785,Q5T2W1
P0CG48,P68036
Q15788,Q92753
O95167,P08574
P05386,P62263
P17098,Q96A35
Q16548,Q92934
P62306,P62308
P18545,P83369
P62308,P62316
O60711,Q9H1D9
P62081,P62244
O75354,P83881
P27694,Q96LT7
P10826,Q9H0S4
O43920,P47985
P45379,P79522
P30520,P61758
P62829,P62945
P82663,Q16540
O43513,Q8ND76
P10275,Q9H6K1
A0A3B3IRV3,P49841
P63279,Q99684
A6ND01,Q8IUB3
O43660,Q99459
O94907,P51164
Q96JX3,Q9UKT9
Q8TCY5,Q9UN79
A6NNE9,Q5VVY1
P02675,Q9NRR6
O95983,Q86YP4
O60359,Q96CB9
O95429,Q8TBR4
P46779,P57737
Q8TBG4,Q9NRX2
A0A0K0K1A5,P07766
Q9NXE8,Q9Y5S9
Q6P5S7,Q9UI12
A6ND01,Q9Y484
O15145,Q13950
A6NM11,P09038
P62837,P62979
P08865,P62495
P62487,Q9BV97
P23396,P62273
P62987,Q6NZ36
O00623,Q6UWT4
O95484,Q15942
P63208,Q6P4F7
P07148,Q5U5R9
O15541,O75934
P53365,Q96N19
Q96G25,Q9H944
O75792,Q6UWB4
P09234,Q96DI7
O14901,Q8N490
P55036,P62333
P62487,Q9NVC6
O14964,Q99732
P63027,Q7Z5H3
P06681,P26447
O75607,Q5GH76
Q9NSD7,Q9Y587
P62857,P62888
P27635,P62263
P09234,Q15427
P39019,Q8N1G4
O95139,P08574
O43583,P08708
P62753,P83731
P50461,Q9H9A6
Q8IU81,Q8TD06
P13805,Q9C0K3
P22681,P62837
O43920,Q7Z5Y7
P28331,Q99676
P07900,Q9BY15
O75364,Q96QV6
P61247,P62906
P25788,P28074
O60784,P0DM35
O95298,Q8IUN9
P50402,Q2VPJ9
P18507,Q96QU6
P40337,P61964
A0A087WV53,Q70HW3
O60936,Q9UDY6
Q04941,Q13323
P39748,Q96NZ9
O75394,Q96CB9
P13224,Q01094
P23396,P46783
P42127,Q6PIF2
P49450,Q6B0I6
P25024,Q86X83
Q9HA38,Q9Y5J6
O14879,P14859
Q8N4H5,Q9NY26
P47813,P61221
P25786,P51788
P62195,P62333
B4E2M5,P46976
O43824,Q96DV4
O94906,P12018
P05387,P39023
Q9Y2X3,Q9Y3A4
Q86XT2,Q92826
P17181,Q9Y468
O14653,P48431
O60936,P31431
P51665,Q9UJ96
P51946,Q9H1R3
O75928,Q8IXL6
P50539,Q6A162
O60687,O95169
Q58FF8,Q92522
P17302,P40261
P42773,Q9H239
P62847,Q13361
P98172,Q86Y46
P11836,P17031
O95149,P21730
P62979,Q9H4B0
O43719,P08579
P05386,P62888
P08473,P50607
P14866,P26599
Q16348,Q5T2W1
P28067,Q9UGF5
P19957,Q8IUW3
O94906,Q99502
Q3B7J2,Q99741
O60244,Q8N7B6
P62310,P62312
P48551,Q96EN8
P61956,Q9UHV5
P09001,P49411
O75891,Q96CT7
P0DMP2,P31323
O75554,P62318
P51116,Q9UI14
P22455,Q0VGL1
Q8NHQ1,Q96LK8
Q15906,Q8IZ08
O95777,P62310
P16333,Q00403
O95563,P14678
P29372,Q6NW40
P63220,Q8N9N8
O96004,Q9BWW7
P61586,Q9UIG0
A0A286YF18,Q96E93
O00757,P62877
P10809,Q9BRK4
P52815,Q9UI43
P0CG48,P61088
Q16613,Q9P127
Q8TAD8,Q9Y3C6
O95674,Q5QNW6
P32780,Q9UBL3
P25787,Q69YU5
P07093,Q9NQS7
P28331,P56181
P34741,P54710
Q16795,Q9UDW1
Q8TAD7,Q8TCJ2
Q3B7I2,Q96SW2
Q8IYB3,Q9H6L4
Q9NUL7,Q9NYK5
A6NDX5,P02760
Q07020,Q96D46
P46527,Q9NR55
P01848,Q30154
P30281,Q6ICH7
P62847,Q9BVS4
P05000,P17181
P38117,Q16651
P22607,Q5VYX0
P08865,P62857
O14561,Q4U2R6
P05386,P61247
P61927,P62495
P05386,P46779
Q96RP9,Q9BYD6
O75385,P02647
P11686,Q6V702
Q8WVF1,Q9Y6M9
Q16630,Q6B0B8
P20226,Q9UN72
P0C0S5,Q9NSB8
O00233,O43865
Q17RD7,Q9BUI4
P25205,Q8N8R3
P09693,Q12805
Q5GJ75,Q5VTH2
P62280,P62424
P62851,P62888
Q7RTT3,Q8NFX7
A0A5B9,P01848
O95299,Q86Y38
O15079,P61024
P62263,P62854
Q9NYB9,Q9P2A4
P10809,Q9BXP5
Q8TCC3,Q9Y6G3
A6NER0,Q9BUE0
P35222,Q5DX21
P62877,Q13619
P01909,Q15777
P83731,P84098
P62306,P83369
A6NJ64,P29372
Q9BQ48,Q9P0P8
A1L188,Q9NXR7
P01597,Q92543
O60269,P50553
P50440,Q5SR56
O95198,Q9H7Y0
O75015,P01857
A8MY62,Q86YS6
O95402,Q8TDC0
P49411,Q9BYD2
O75129,P06733
P62701,P62841
O95299,P55039
Q9H2W6,Q9NQ50
P46781,P63220
P62877,Q15369
O14625,P09132
O15541,Q9HCS7
O95169,Q9H0X6
P46781,P46782
P08172,P09471
P23396,P62841
P18507,P47870
O75628,Q5SRI9
O95995,P01591
P17980,P35998
O75386,P06400
O15234,P38919
P49146,P62070
O43665,Q9BQ04
P42830,Q03468
P04155,P35269
F8WCM5,O95863
Q2NL82,Q92539
P04637,P62805
P30518,P62873
Q96JB5,Q9NRI5
Q8N7W2,Q9NVV9
P19883,Q8TB69
Q96EH8,Q9Y6Q3
P62826,Q6ZMI0
P18621,P62701
O15372,Q9Y262
P22090,P39023
P05386,P25398
P62701,P62753
P62318,P83876
P12830,Q70J99
A0A5B9,P01889
O75309,Q96AP0
P06400,Q16254
P43686,Q14549
P17181,Q9Y679
P05387,P30050
Q5T700,Q96F15
O95478,P40429
P63220,P63244
Q3MIW9,Q96CT7
P55289,Q9Y6X1
P17980,P29322
O43521,Q8IZA3
P49411,Q5T653
P0CG47,P25786
P61247,P62857
A0A1W2PQ64,Q9HBT8
P83105,P98170
O95168,Q3SXP7
P53365,Q14940
O75530,Q15910
P83876,Q14684
P46199,Q9BYN8
O95870,Q96DZ7
Q7L014,Q9Y3B4
O95971,Q16773
P08253,Q99593
P60866,Q2NL82
P34096,Q9BUE0
P07766,P20963
P46199,P82930
P42285,Q9NQT5
P0DP23,P51884
P55087,P62249
A6NG13,Q9HCU8
P01911,P40967
Q13148,Q9UNZ2
P46782,P60866
O95154,Q9NRE2
P30519,Q9NR31
Q8NEM0,Q96BI3
P06746,Q9HB21
P05386,P62269
P06753,Q01432
Q8TAE8,Q9P2U7
Q8TCJ2,Q9Y6Q6
Q16548,Q96PG8
P50897,Q8IWS0
P62945,Q02543
P17174,P29372
P22681,Q9BW91
P23396,P46781
O43865,Q9H1P6
P54619,P78386
O75509,Q9BTK6
P12004,P40938
P05186,Q9Y570
O00548,Q9P0M9
P48551,Q9BQ48
P25788,Q53GL0
Q5T442,Q6TGC4
P17980,P62191
Q96EH3,Q9NZE8
Q02363,Q8TCZ2
P20248,Q16670
P43652,Q92917
Q6UWJ8,Q86VD7
O43557,P35713
P46783,P62906
O75558,Q9NR55
O15205,Q6ZSG1
Q13501,Q9GZQ8
P01911,Q5T2E6
P14927,P49821
O43829,Q5T7W7
P29373,Q5XX13
P50553,Q8N9I0
A8MQ03,P27918
P30518,P49458
O14807,Q8TCP9
P05386,P62081
P62875,Q9Y2Y1
Q3ZLR7,Q9Y3B2
P02686,P43155
P13747,Q14457
Q8TAE8,Q96M95
P51665,Q96G46
O60894,Q9BV19
O15499,Q8N0Y2
P98066,Q9NYY3
Q8NFY4,Q9UBY9
P18621,P32969
Q9BRS2,Q9NRX1
P13984,P20226
Q8NCN4,Q9NRC1
A6NLP5,O75438
A4GXA9,P54793
P62306,Q2TAY7
P27635,P62269
P62269,P84098
P05161,Q8IVV8
A6NN73,Q99836
P62945,Q07020
P60568,Q8WY64
P05161,Q8TF09
P38484,Q9Y5A7
P51991,Q16665
O60237,P54727
O75593,Q13477
P51668,Q18PE1
P98171,Q9H3R5
P62316,Q9HCS7
O60844,Q9UBY9
P53365,P62330
P10916,P27694
Q15070,Q9BRJ2
P08754,P61981
O14653,Q9UP65
P19883,Q7Z5A4
P07919,P51970
P62857,P84098
O75787,Q9UI12
P62280,P62906
P20042,P62241
Q15906,Q8NFH5
P09038,Q5RL73
P62244,P83881
P62873,P63104
P16402,P62873
Q16633,Q9BXL6
P61601,Q9BTK6
Q13627,Q52LA3
P34897,Q9P0K9
O94906,P55769
O00483,Q9H633
P53990,Q8WVK2
P62807,Q9NUM3
P01116,Q86UL8
P49006,Q16778
P42285,Q99547
P40937,Q9HAK2
P62249,P62750
A6NNL0,Q5VTD9
P83881,Q96D46
P61158,Q9H992
P63279,Q9H2X6
O95059,Q99575
A6NNE9,O43543
P05121,Q9BZW2
O43824,Q9NQ50
Q8WWI5,Q99856
O43181,P56556
P14678,Q92797
P49768,Q96JK2
P62701,Q96N95
Q13501,Q14145
P20042,Q96BY2
Q13889,Q16514
P61077,Q86SE9
P56962,Q96NL1
P05386,P84098
P62244,P62273
O94941,P51965
P62857,P62913
P42677,P62847
O43557,Q9UI46
P29372,Q9HCX3
P06340,P28068
P04150,Q6P6B7
P08514,Q99828
Q53GS7,Q9Y5E7
P30566,Q71DI3
P62877,P63208
P05112,Q9UNF1
Q7Z7F7,Q9H3J6
O95251,Q5VXU1
O75821,P30532
P62877,Q92624
P06307,P36888
P46783,P63244
P62266,Q13601
P82675,Q96RP9
Q9NX20,Q9P0M9
Q7Z6K4,Q8IU81
Q96RP9,Q9P0M9
O95835,Q92624
P43628,Q8WU43
P82650,Q16540
O75843,Q16514
O43567,Q5T619
Q6RSH7,Q9P2S5
P10826,P22735
A8MXD5,Q9H9H5
P62807,Q9Y5B9
O75367,P11836
P41732,Q96C74
P28062,P60900
P39019,Q9NUU6
P26842,Q8N912
Q15369,Q15370
O43665,Q32MQ0
Q16795,Q17R89
P06126,P58062
O14964,Q9BUZ4
P39905,Q9HCU8
P10809,P25098
P30101,P61769
P17980,Q9UNE7
P61165,P61803
P63027,Q8IXH7
O95182,P51970
O00230,Q96M63
P08294,Q9UIY3
P83876,Q96BZ4
P29377,Q9H2A2
O00391,P60568
P39019,P60866
P51149,Q8IUH2
P55769,Q8WWG1
A4QMS7,Q9Y6A4
Q15906,Q9GZT4
P05019,P51508
A6NFX1,Q9Y5V3
O43824,Q8N983
Q8TED0,Q96F46
P62081,Q86SG7
P46527,Q86WS3
O94906,Q8WWY3
O75015,P62136
P46781,P61247
O43824,Q9BYD1
A4D1P6,P63220
Q14197,Q9BYC9
P62244,P62979
O75586,O95125
P50895,P52306
O75554,Q15506
P63146,Q99728
O43504,Q86TG7
P62424,P62906
O43818,P21728
Q9BWG6,Q9Y388
P62753,Q53GI3
O95573,P19793
P20226,P49848
P50914,P62913
P37231,Q8N782
P02671,Q8IXL6
P20042,Q13112
O95267,Q8IWL3
P15880,P62273
O75822,P62266
Q8IXW0,Q9BYQ3
P62837,Q9UJV3
P62266,Q9UEG4
Q53HC5,Q9Y266
Q5HYI7,Q86YP4
Q2HXU8,Q92624
P61165,Q9H0U3
P54105,P62306
P06899,P61077
O96000,P08243
P05387,P46777
P07766,P0CF51
P61247,P62244
O60814,Q9NX58
P17302,Q9Y2Y1
O43567,P55082
P62166,Q8N912
O60269,P61218
O95750,P20042
P23946,Q9Y547
O75380,Q6BEB4
P0C1S8,Q96DZ9
O15212,P0C7H9
Q96DV4,Q9P0P8
P08865,P62847
P15880,P46783
P08708,P62857
P19429,P63316
P62847,P62987
O95500,P46976
P29279,P62701
A6ND91,Q9BTT0
P26373,Q86V88
O15234,Q14151
P62314,Q13427
P62487,Q9BUE0
P51149,Q8N0W5
Q96MM7,Q9BZM6
O43915,P07814
P28070,Q9UL46
P14784,P31785
P63104,Q6UUV9
P62280,P62857
A6NIZ1,P06734
O00206,Q9NQ35
P52630,Q16236
Q14019,Q6UWV6
Q8NEJ9,Q9BSC4
P01732,Q16538
P05198,Q9ULV4
P36578,P62945
Q8NB37,Q9ULP0
P46779,P62854
P19388,Q8TCD1
P16383,P62875
P08621,P62318
P32242,P47813
P68431,Q9ULM3
O94777,Q5GJ75
O60678,Q6GMR7
P05198,P60228
Q96A72,Q9NXE8
P62273,Q9NRX1
P01730,P01903
O95777,Q9P000
Q96BA8,Q9NWW5
Q99719,Q9P0V9
P35452,Q96BF3
P62308,Q5RL73
P23396,Q99633
Q15942,Q9H7Z6
P12235,Q13216
Q8N5U0,Q8N5W8
P04908,Q99496
P51582,Q9NZL4
P62891,P62906
P43897,Q9Y5P8
P09429,P62244
P38919,Q13427
P05000,P48551
Q86YJ5,Q8N8H1
P61964,Q15369
O00590,Q15942
A0PJE2,Q8IUQ4
O60243,Q9BXU0
P50222,Q6ZVT0
P30050,Q9BRT6
P09661,Q9Y3C6
P21728,Q8TDQ7
O14610,P62851
O94919,P49918
O43678,O95298
P43629,Q96N64
P15374,P62195
Q6P587,Q9UBM1
P56181,Q8NA77
Q52LA3,Q8N6M0
P62841,P62891
P40938,P62380
P49411,Q9BQC6
P51946,Q92759
P46781,P62269
Q05084,Q15486
P62310,Q9UK45
O75508,P59998
P0CG48,P25786
P62993,Q969Q6
O14718,P26373
O43824,Q9BQ48
P26022,Q8NGX2
A6NCW0,A8K4G0
P53007,Q8NHX4
Q13501,Q9H492
Q01081,Q15436
P06748,P17707
Q13099,Q8N3Y1
P50607,P61960
P46776,P62495
Q92917,Q9Y3B4
P49411,Q9NYK5
O60831,P80188
P29353,Q99062
Q8NH74,Q8TDH9
P62280,P62899
O15514,Q71SY5
P51668,Q6UWE0
O94927,Q9UNX3
O75558,Q86XW9
P0DP23,Q8TDF6
O14874,Q9Y3B2
O43181,Q9UI09
P41091,Q9Y5W5
O75409,Q8ND90
P29972,Q13158
P16520,Q9NRX2
P63220,Q8N1G4
E9PRG8,P62424
P49768,Q92542
Q96DZ9,Q99259
O14949,O75438
P25398,P62273
P63279,Q13485
P46781,P62081
P23396,Q9Y484
P43628,Q9H1R2
Q68D20,Q9NQF3
P60709,Q93015
Q3LIE5,Q9UBZ9
P46199,Q92665
P62241,Q9Y2X3
O15145,P59998
Q9P015,Q9UI43
P14866,Q15366
P59768,P62873
O60894,P31267
P08754,P59768
P0DP58,Q8IYA7
O43865,Q7Z2F6
Q6UX04,Q92917
A6NCQ9,Q9Y248
Q9H467,Q9UJ72
P04141,P15509
O75596,Q9NV12
O00241,Q16594
O60783,Q9H2K0
P19957,Q5T4F4
P62273,Q8N9N8
P08514,Q15124
P10826,P19793
Q86Y39,Q9UDW1
P39023,Q9H2X6
P04798,Q02577
P05387,P62854
Q7RTT6,Q96E39
Q03188,Q9H410
O94933,P05161
P98177,Q96J02
P52298,P57679
P0DP72,P33991
Q16611,Q5TIE3
Q14691,Q96I27
P25398,P46783
P59533,Q8WUY8
P48448,Q9Y421
Q5I0G3,Q9UKL0
P62273,P62906
P01911,Q8NHH9
Q53H82,Q5VWG9
P50539,Q8N344
P15880,P62841
O95298,P22695
P39019,P46782
P12814,Q96PT4
O14641,Q96GG9
O60516,Q9H492
P01619,Q96G25
P62249,P62987
O95169,Q86Y39
P62424,P62857
P62308,P62318
P20309,P62873
P82914,Q86YF9
P18621,Q13495
P02686,Q5TF21
A0AUZ9,P43629
P31946,Q92934
P62318,Q5RL73
A8MX34,Q6UWE0
P30153,Q9Y223
P23396,P62277
P28335,Q9NZC9
P83110,Q53T59
P62805,Q71DI3
P47813,Q16777
P49207,Q969S3
P05387,P62847
P02675,Q96S66
P13726,Q15750
Q9BWJ5,Q9HBM6
P04908,Q01860
O00358,Q86YL7
P22415,Q0VGL1
O95551,Q13569
Q92542,Q96BI3
P10809,Q9NR28
P08865,Q96AT1
P01594,P38571
P56747,Q9NVM4
P16442,Q92759
O43824,Q9H0U6
Q8WWP7,Q9NY72
Q13405,Q96RP9
O76075,Q9NR50
Q16540,Q8NC06
P40933,Q8IWY4
D6R901,Q8WVC0
P50222,Q96L42
P56556,Q9UDW1
O60671,P59910
P08514,P17752
O95969,P61758
P26373,P58340
O95297,Q15526
P23109,Q5SWA1
A0A0U1RRE5,Q8NBT0
P02545,Q9BTL3
P52815,Q7Z6M4
P54252,Q5VTD9
P06899,P49450
P50552,Q96T92
Q49AM3,Q8N104
P39748,Q9HCU8
Q30154,Q96H55
O95926,Q96BP3
P62306,Q9P013
O43583,P10827
O75586,Q9H7X7
O43677,P31930
P04553,P20309
P15880,P46781
O60266,P15509
Q8NC69,Q92503
P82914,Q9BYD1
P01859,Q9Y5E6
P61218,Q00403
P14210,Q15906
P41594,Q9Y376
O14607,P49721
O14561,O75380
P60006,Q9UM11
P61218,Q9BTT4
P25788,P31431
P35270,Q5STR5
P62877,Q6L8H4
P61964,Q9ULZ0
O95178,O95182
P31260,Q93015
Q8N5C7,Q9NVU0
P0CG48,P35998
O95239,Q15528
O95297,Q14678
O43172,Q9UK45
O95994,Q9Y3Q0
A6NCM1,Q16348
A4D2B0,Q5T8P6
P20020,Q71UI9
P42677,Q8N9N8
H3BRN8,Q13547
P19388,P51946
Q5F1R6,Q6NVU6
P37173,Q8NDX2
O60809,O95715
P30260,Q9UKT4
Q8TDY3,Q9UQ84
P80294,Q8WUW1
P62273,P63244
P01597,Q8IVH8
O95257,O95865
P40429,P62263
P01579,P36507
P08708,P62244
O14561,P45379
P62805,P84243
O95168,O95178
P51149,P57772
P62191,Q99218
P01730,Q15327
P0DJG4,P22681
P27694,Q969E3
P23919,Q9UI95
O95721,P56962
Q13330,Q9UBB5
Q00987,Q6PEW0
O75821,P27361
Q8IXM3,Q9GZT3
P42285,Q9NPD3
Q8NGZ0,Q96A08
P45973,Q92560
A4D1F6,Q13503
O75394,Q15172
P49768,Q9BQ51
P20618,Q9UNM6
P59998,Q9UL16
Q16637,Q5U5Q3
P62807,Q53T59
P06746,Q9BRR6
Q12933,Q13077
P01861,Q7RTU5
P78383,Q13113
P83110,Q9NZN3
O75947,P08865
P58062,Q15796
A6NLC8,P07550
A6NCS6,P50747
P82650,P82914
O75554,Q6E0U4
P33316,Q9UNA4
Q08AE8,Q5FWF6
Q13405,Q9UI43
P0DP25,P25105
A2RU67,O60888
O95841,P62851
P62266,P62495
Q8NEQ6,Q9Y6X1
Q96RP9,Q9P015
P49411,Q13405
O95800,P51970
P10147,Q9HBV2
P25787,P28065
P02647,Q13470
P00414,Q9Y3C1
O60671,Q5SRH9
O95125,Q15750
P50479,P63104
O75132,P60369
O95167,Q86Y39
O14594,Q9Y294
P27348,Q96HA9
A6NIY4,P78552
Q15070,Q9HD33
Q5TGY1,Q9UBQ0
P62847,P62913
Q8N8A8,Q96DZ9
O00305,Q01094
O75438,O95167
P30405,Q5T2W1
P59025,Q96E09
P06734,Q86VX2
P01594,Q9HD26
P01848,P02489
Q96DZ9,Q9P2R7
O75396,P62993
O95156,P58215
Q4G0W2,Q99759
P62805,Q96LA8
P20592,Q92558
O15372,Q9UBQ5
P28074,Q9UL46
P20226,P47870
O60888,Q969X0
P51149,Q96QA6
P01834,P40259
P05386,P62841
P29373,Q8TD30
P02008,Q0VG06
P61296,Q9H0W8
P09936,P0CG48
P83881,Q9UKD2
Q12908,Q5TBE3
P62993,Q5TKA1
Q13148,Q96G75
P08708,P15880
P05166,Q8NFV4
O43660,Q9BZJ0
O95834,Q49A92
P04908,Q71DI3
P62873,Q01718
P49736,Q71DI3
O43824,Q9P0M9
P26998,P40227
P13945,P40227
Q8NFQ5,Q9NR50
O60268,Q9Y376
O15541,Q9UMS4
P62910,P63279
P07306,Q9BTV5
O00422,Q969H6
O14949,O95139
Q8NAV1,Q9H6K4
Q6N075,Q6UXG8
O95139,Q86Y39
P09544,P10144
P10809,P50542
P82914,Q9BYD6
P56381,Q16548
Q6P2C0,Q8N8D7
P62857,P83731
O00217,O95473
P50552,Q15942
P51970,Q6IQ26
P23193,Q8TAE8
P19388,Q9BQY9
P62753,P62847
P0DMV9,Q9BSK4
Q8NEY4,Q92759
P04216,Q9UGI8
Q02878,Q96D46
Q7Z7E8,Q9Y328
P20248,Q9UJX4
P01903,P35212
O75394,Q9NZE8
P60604,Q969M2
O15212,Q99471
P63208,Q2TBA0
P05019,P21709
Q3SXM0,Q92934
O43513,Q8IWL1
P35249,Q9P2N7
P06127,P50552
P62979,Q9Y2Z9
P99999,Q6A162
O00584,Q86XT4
Q16181,Q99653
O00487,P0CG48
O15234,Q96A72
P50461,Q99990
P46779,P82251
P48551,Q8WWB7
P08754,Q01718
P62244,Q96EH3
Q15528,Q9Y3C7
P26447,Q5TEC3
Q5T871,Q9BYQ6
A6NK97,Q07654
P48729,Q9BWG4
O95168,O95169
P05204,Q75N03
O95237,Q9Y577
P01911,P02686
O43908,Q9HBM6
P19388,Q9BTT4
P0DUB6,P61964
Q8TCC3,Q9P2B7
A5PLN7,Q5VYX0
O95190,Q9UNU6
P47870,Q5SNT2
Q4G0W2,Q8NCU1
P20382,P28335
Q9BYC8,Q9NUL7
Q99832,Q9NQP4
P62913,Q92624
P05387,P35268
A0A0J9YX57,Q99471
P04908,Q6IPX1
P50991,Q9ULX5
O60291,Q12860
P62266,P62857
O00626,P0CJ89
O60637,Q13564
Q15370,Q96DX5
Q96RP9,Q9BYN8
P17987,P63261
P0CG47,Q9UJX3
P23396,P61513
Q92917,Q9Y388
O75891,Q86WT6
P35249,Q15459
P52435,Q9Y5Z0
O75818,Q99575
P61353,Q8IVW6
P49411,Q6P161
P04637,P62875
Q8IUC1,Q8WU58
P55884,Q9UJV3
P05386,P08708
P33681,Q96MH6
O00232,P0CG48
O96014,P28335
P51116,Q9H3H5
O14901,P51674
Q96RP9,Q9HD33
Q16552,Q7Z3H0
O43567,P62837
P40337,Q15369
P09488,Q96E93
P53990,Q9UH17
P13796,Q92667
O43505,Q96RI1
Q8IXM3,Q96A35
P41279,Q03468
Q86TS9,Q9BQC6
P62249,P62913
P53041,Q8N0W7
P01138,Q9UH77
Q96EY7,Q9BYD6
P82663,P82921
Q13503,Q9BTT4
A0JLT2,O15514
P60059,P62424
P60866,P62841
P01920,Q9HBX9
O43824,Q7Z2W9
P16066,Q9NZ42
P23193,P62875
P62888,Q9UNZ5
P30518,Q7Z6M2
P0CG47,P60900
P49639,P62913
A0A0B4J268,P49756
Q00597,Q9H252
P0DP23,Q9BTX7
O43521,Q9H0C1
O60575,P32780
P01854,P06734
P05386,Q07020
Q00597,Q32P44
P12074,P13073
P04908,Q9BUT9
P04637,P48730
P40227,Q8NCT1
O14511,Q9UMR2
P63104,Q9UQ84
P81534,Q15125
Q9Y3D8,Q9Y6J9
P62837,Q9UKP5
O75586,P62487
P01857,P58004
P08253,Q9BXX0
O60232,Q75N03
P0CG47,P25787
O60231,Q5RL73
P38398,P68431
Q8N9V6,Q9H2X6
P18077,Q96IQ7
O75822,Q9H7R5
P40937,Q09FC8
P05386,P62424
Q9C005,Q9NW75
Q15070,Q5T653
Q9NRX2,Q9Y2Q9
Q00597,Q9Y316
P62244,P62277
O15145,O60568
O95907,Q92542
P63104,Q9UBF8
P62277,Q8N9N8
Q9NQT4,Q9Y2L1
O95164,Q9H8Y8
A1L162,O15392
P19237,P62166
O14598,Q9Y2Q5
P09693,Q6NT89
P39019,P62269
Q5I0G3,Q86XT4
P09525,P63220
Q53HL2,Q9GZQ4
P63220,Q96L21
P05121,Q53EQ6
O95168,O95182
P51553,Q96I51
P15927,Q12874
P53794,Q6A162
P50990,P56693
Q16552,Q96F46
O95704,Q6UW32
P62277,P62906
P06899,P68431
O96004,P78357
P19634,Q8WUW1
Q3LHN2,Q9BRV8
P61981,Q15427
P54652,P58658
P48552,Q8NEF9
O95139,P03901
Q8TCJ2,Q9H0U3
P51816,P62750
P28223,P28335
A6NER3,P56181
Q13352,Q8N2Z9
P63104,Q13363
O75530,P05120
P38571,Q14596
Q8N5F7,Q9BRI3
P49959,Q96D09
P07311,Q96J02
O43768,P25686
P17181,Q9UNX3
P63220,Q9BVS4
O94991,Q96IY1
P62847,Q9BYB0
P01579,Q2VWA4
P20309,Q5MNV8
O75380,P31930
P25787,Q14320
Q8NC69,Q8WWY3
P04844,Q9H0U3
O15164,Q71UI9
P14678,P62304
P06899,Q9NX76
O15514,P19388
Q99750,Q9BT49
Q969S3,Q9Y3U8
P60153,P62316
P62857,P62917
P62495,P62888
O00522,P61224
P23396,P61353
P15880,P42677
A6NNW6,O60831
P50539,Q5HYL7
O95299,Q5VXU3
Q7L5N1,Q9BT78
P40617,Q6UWT4
A6ND01,Q8N6D5
Q14CX5,Q9UL59
Q96RP9,Q9BYD2
O75554,P62306
P01861,Q15067
Q9UBZ9,Q9UI95
P01135,Q99062
P62318,Q13427
O95881,Q68DK7
O43837,P51553
P10632,Q96MT8
P49207,P62495
P62304,P62314
P62701,P62847
P01563,Q9UDW3
O60671,Q9HCG1
A6ND48,P02008
O00180,Q92979
E9PI22,Q13330
P62888,P62913
P62979,Q02878
P62987,Q99424
P00736,Q13569
P13984,P29084
P62714,Q5JS54
Q9BWG6,Q9BZJ0
P82979,Q0VGL1
P01574,Q7L9L4
P23396,P62847
P60201,Q71DI3
O75631,P62081
P60153,Q6Y2X3
P57054,Q99697
Q96SW2,Q9BU19
P62280,Q9NQ38
P51970,Q008S8
P61353,P84098
P61224,Q2TAA8
O60234,Q9UIR0
O75530,Q8NCK7
P82921,Q16540
P10826,P30838
A2VDF0,P06703
P15880,P62277
P40855,Q6P9G4
P05386,P62917
Q6UWE3,Q96GM1
P40967,Q96A99
P0CG48,P63146
O95402,Q8NEA6
O00182,O43504
O95057,Q8WXX5
P48729,Q9UI30
P01861,Q9NQZ8
P63279,Q5STR5
P33991,P49736
Q8N8G2,Q9ULP0
P05387,P62750
P51460,Q9Y651
P50539,Q9UEW3
Q6NXP2,Q9Y530
P01583,Q9UBB5
Q70EK9,Q9ULB5
O95169,O96000
P62273,Q8N1G4
P0CG48,P57768
P47870,Q8TAM1
P62269,P62906
P39656,Q9H0U3
Q4VC31,Q6UWT2
P01591,Q13356
Q15847,Q8N0Y2
Q6IEE8,Q9NNZ6
P62308,Q8NBP0
Q13324,Q969E3
P57773,Q71UI9
P40937,P40938
O00303,P62277
P61077,Q8IYW5
P62277,P63244
P56537,P62910
P39748,Q96LR2
P56181,P57772
P09471,Q9NRR6
P46781,P62841
P62847,P62979
O95415,Q9UQ84
P29372,Q9BQ75
P61964,Q13541
Q16548,Q8IYA7
P40426,Q9Y2W6
Q15843,Q9HAP2
P43686,Q5T953
P24855,Q5J8M3
P16035,Q15814
O95076,Q9Y294
P46783,P60866
O00231,P0CG47
P25189,Q8TDB4
P04070,P67870
P05387,P61313
P05387,P62910
O75190,Q9UII2
P06899,Q13761
P47874,P50222
P08631,Q9H270
P30519,Q15906
O43566,P09651
O95139,P22695
Q96EL3,Q9NUL7
O14893,P62314
P11926,Q7L5D6
P42025,Q15369
P12272,P28335
P62249,P83881
P19835,Q9NX14
P04085,Q9NQS1
O60609,Q92925
P16401,Q9HC62
Q6PL45,Q96BA8
P15907,Q9Y5S9
Q3LI64,Q96RI0
P61956,Q9Y4E5
O95813,Q9BZI7
P62906,P84098
P04899,Q96E93
P11177,Q6Y288
P01579,Q9NUJ7
Q8WWF3,Q9H1C4
P05198,P61221
P0DMV8,Q9UNE7
Q9H330,Q9NVU0
P10747,Q86VY4
Q5FWE3,Q5T2R2
P10636,P98179
P19397,Q969Q1
Q7L523,Q9HB90
O15234,Q9ULR0
O15467,Q9UHD9
P0DMV9,Q9UNE7
P02745,P02747
O43513,Q71SY5
O75347,P00739
O43889,P24593
Q1W4C9,Q9Y4Z0
P61978,Q9BPV8
P25786,Q9ULW5
P14678,Q9Y333
P62249,P62273
P17181,P58304
P61218,Q96HR3
P63104,Q9NRI5
P40937,Q8N159
P25398,P42677
P62807,Q92966
O00217,O43181
P02760,P0DP58
O43824,Q14197
O75554,P62314
B7Z8K6,P78337
Q86X83,Q8NFW5
P16949,Q9BYS1
P54619,Q86VB7
O15143,O15145
P42704,Q9NPH5
P17096,Q9UNX3
P29374,Q9HCU9
P46783,Q9BVS4
P02753,Q96JM7
P08865,P62249
O43543,Q8N4P3
P62068,Q99575
O75899,Q9NQ35
P19793,Q96MA1
P62837,Q15843
P29375,Q5XG85
P28566,P34897
P40227,Q6IMN6
P62877,Q9UNS2
P61088,Q9NX52
P31273,P50222
O14772,Q96MU8
P20226,Q99832
P42677,Q8N1G4
P32780,Q9NZK5
A8MQ03,P26371
Q9BRS2,Q9ULX3
P10301,Q7L266
P53803,Q00403
P07766,Q14247
O60603,P58753
P05386,P61927
Q16559,Q6ZRY4
P49406,P49411
P62304,Q96MU7
P04233,Q9Y6M9
P49190,P62068
Q13257,Q9UJX2
P46782,P62273
P25398,P62277
Q13098,Q14541
P54105,P62308
O75593,P0CG20
P62244,Q5JXB2
P23497,P49841
P16035,Q9BT40
P62753,P62906
P05198,P62263
A0A1B0GV85,Q5T0J7
A6NGS2,P62070
P55036,P62899
O43678,P14927
Q5FBB7,Q86XP6
P62072,Q9Y2D4
P06899,Q9UHE8
P01116,Q8NHY2
Q2M3X9,Q9P0N9
P62851,P62906
P61326,Q9UNN5
P49959,Q86U38
O43824,P49406
P25788,Q9NWY4
P22090,P62750
A0A0B4J268,P01889
O00311,Q9Y394
P04003,Q9UJV3
P82650,Q9P0J6
O60941,Q8N5N7
O60609,Q5T4W7
O95147,P05187
P41223,P62314
O95167,O96000
P46782,P46783
P82673,Q53EQ6
Q99816,Q9H9H4
P0CG48,P54725
O43719,P62314
P29374,P54136
P01861,Q8IXH6
O43837,P50213
P30408,P54619
P05198,Q14232
O95006,Q969H6
B6SEH8,Q16543
P19388,P78417
O43854,P51668
P62249,P62979
A6NMA1,Q9Y262
O75822,Q969M7
P62277,P62899
Q3LI72,Q96LX7
P09661,Q8IYB3
P46663,Q9UI10
Q96D46,Q9Y3U8
Q6UXB1,Q8IUH3
Q9HB90,Q9UHA4
P08708,Q9Y2D1
P24046,Q13563
P05386,P30050
P82914,P82933
O00321,P28065
Q00597,Q9HB96
O00541,P50402
P62847,P83731
O14818,P28065
P62308,Q96N28
P61758,Q8TDG2
O60936,O94929
O75610,Q8IWZ6
O43760,O60883
P23396,Q7Z5L9
P04637,P31947
P62269,P62857
P08949,P59768
Q13098,Q15369
O43719,P14678
P0DML3,Q8NBR0
P14784,Q9Y679
P22090,P62910
P35225,Q9NRD5
O95190,P11926
P06400,Q3MII6
P06396,P13929
P08865,P39019
P43699,Q6ZV73
O43502,O43543
P19387,Q71SY5
P04637,P52434
O14964,Q9H9H4
P29803,P40616
Q53GS7,Q9UMR2
P60866,P62701
Q9H2Z4,Q9UHQ4
A6NGN4,P62312
P62249,P62280
P05546,Q496H8
P61158,Q9H244
Q13323,Q16548
P55822,Q12834
Q9NYG5,Q9UM11
P84098,Q8N8I0
O60682,P15884
Q13072,Q6RSH7
P16435,P25398
O75884,P48039
O75976,Q8WVK7
P20248,P61024
P0CG48,P25787
O15169,Q5VWG9
P62841,P62847
P06729,Q6ZNG9
P01584,Q96GX1
O75367,P20248
Q16637,Q16799
A6NNM8,O15520
P17661,Q13324
P62701,Q9H9D4
P51991,Q96MU8
P62891,Q7RTS5
P08621,Q9Y4Y9
P61158,P62273
O43505,Q15436
O75628,Q15126
P30518,Q5JWF2
P46783,P63220
P62847,P62891
O60870,P62306
P02671,P57103
P0DM63,P25398
O15145,Q9NVJ2
P01857,Q9UIK4
P43628,Q03395
Q86UD1,Q9BRT3
Q8NBF2,Q9BRI3
Q96HR3,Q9BUE0
O95718,P62310
P05386,P62857
P23396,Q9NRX1
O94989,Q6UVJ0
Q8N0Z3,Q8TF44
Q9HCG8,Q9P021
P06702,Q9HCM1
Q13404,Q6UXP7
A6PVC2,O43567
P22736,Q9P086
P05121,Q2WGJ8
P62244,Q8N2E2
Q16552,Q7Z4L0
Q13427,Q96A72
Q96BI3,Q9NZ42
P62269,P62899
Q8N5N7,Q99880
Q9BYC9,Q9P0P8
P62081,P83881
P49411,Q9NQ50
P0DI81,Q9UNA4
P62266,Q9BSC4
P20226,Q9HAW0
P10275,Q8IY47
P25398,Q9NZI2
Q96EY7,Q96RP9
Q5XKP0,Q96RI1
P12645,Q9HAU4
O95297,Q99590
P06899,P0C0S5
O75787,Q8N6W0
O43182,P48741
O75822,P61221
A0A0U1RRE5,Q3LI73
P01210,Q96LB2
Q8TAP6,Q9UH77
A0A096LNW5,Q6Y7W6
Q14406,Q8N9N8
P52434,Q9NYV6
P06729,Q5PRF9
Q8WVK2,Q9BWJ5
P08476,Q5BKZ1
O94907,Q5VV41
Q9H9J2,Q9P0P8
O43889,Q9Y6I9
P59768,Q9UBS5
B7Z8K6,Q9BZG1
P49768,Q9NZ42
Q15750,Q9NYJ8
P62249,P62753
Q06330,Q7Z6K4
Q8NAF0,Q9UJY1
P46782,P62841
P62304,Q13426
P11836,Q9H9Q4
P08912,P49721
P84090,Q8N0W4
O60244,Q71SY5
Q9BSY4,Q9Y570
P39019,P62273
Q4G0W2,Q9NWT6
P83731,Q8N608
O95190,Q9H900
P43630,Q99062
P10747,Q96MZ0
O75530,Q00978
P09001,Q96RP9
Q9BUR4,Q9NX24
P08172,P59768
O43824,Q9NVS2
Q02543,Q9UHA3
P52434,Q9Y3C7
Q9UNQ2,Q9Y324
P62308,Q92620
Q8NH54,Q9BUZ4
P61254,Q96D46
P00738,P11926
P62249,P83731
P0C0S5,P68431
P62851,P62857
Q6PKH6,Q92685
P62917,P83881
P40227,Q9H7T0
P11836,Q8N9W6
P40855,Q8N4B1
Q8TCJ2,Q96E39
P10747,P62993
Q5VTE0,Q92499
Q08E93,Q8N6M3
P46778,Q9UNZ5
P16104,Q7Z6B0
P00709,Q9P086
P23396,Q8N9N8
P52435,Q6ZYL4
P62241,P62906
Q49A26,Q8NFM7
Q9NP92,Q9NUL7
P62263,P83881
P13805,Q9HD64
O94811,Q13415
O15504,Q9UMR2
P20248,Q9H977
P05090,Q3SY46
P62888,Q96D46
A6NGJ6,Q15019
P61160,Q9P086
C9JG80,O00522
O43679,Q9BVM4
Q8NAQ8,Q96H22
P53365,P63000
P12004,Q6ZNK6
P48551,Q5T9S5
P59991,Q7Z698
Q8NBV8,Q8WTS6
P62081,Q9UNQ2
P48729,Q9UMS5
P46783,Q8N531
O95169,O95298
P83731,Q15849
P09234,P83876
P27348,Q9H0N0
P68431,Q8WTS6
P46782,P83731
P02763,Q99873
P62191,P62333
P12830,Q96E93
O43719,Q15427
O00534,P53990
P19419,Q15119
O14807,Q8N9H9
Q92994,Q9H0N5
P01909,Q96H12
C9JRZ8,Q9NPD3
Q96EL2,Q96RP9
P42857,Q8TBE3
O43709,P62266
P31946,Q9P0K1
Q00536,Q96CB9
Q03468,Q13216
P20132,Q15382
P01877,Q9Y5J1
P62081,P62979
Q00403,Q68CK6
P84103,Q4J6C6
P62249,P62891
P05112,Q7Z4K8
P08621,P62306
P28331,Q99767
P01859,Q96KN7
P62847,P62917
Q8NGF1,Q9BYQ8
O60341,O95863
P08579,P62306
O95777,P08621
P61978,Q8NFW9
Q8IZ20,Q8WUF5
P05388,P35268
P02766,P21108
P59768,Q8WUM0
O00217,Q9Y3P4
P0DPK4,Q9NQL9
Q8NEV9,Q9NWU5
P61088,Q53EQ6
P09132,Q6NUJ5
P56749,Q9UHD2
A6NLU0,O95402
P17027,Q16659
Q8NGL2,Q9UBQ5
P21554,Q6L8G8
P40337,Q9BUL5
O95866,P61758
Q9H204,Q9P0W0
P46777,P61254
Q9H8S9,Q9HA77
A0A096LP55,Q96Q83
A0A0B4J277,P04439
Q9NTM9,Q9Y2P4
P15880,P62847
P62987,Q6ISU1
P63104,Q99459
O95931,Q7RTU0
Q8N1G4,Q9NRX1
P14678,P62316
P53803,P62875
P05161,Q8IWX5
P19388,P83436
O60880,Q16820
P06307,Q9NQ88
P11908,Q9UHP7
Q96EL3,Q9HC36
P05387,P62851
P46527,Q8IWU9
P61353,Q969S3
P82663,P82912
P18124,Q969S3
O15342,Q9UI12
Q16543,Q8IYA8
P62333,Q96D53
P29373,Q9BXC0
P22090,P62987
P49721,Q12893
A1L4H1,P62314
O96008,Q8WXS3
P06729,P15169
Q8NB91,Q9NXH8
Q3T906,Q99471
Q15125,Q8N2H4
P21580,P51668
O00522,Q9BXC9
Q5HYK9,Q86TS9
O00154,P80098
O15265,Q9BWJ5
A6NJZ7,O75015
P27930,P29084
O43759,Q9NUH8
P62263,P62979
P41732,Q9UI10
P45379,Q99958
P23396,P63244
P05937,Q6P1K2
P0CG12,P78552
O75593,P21695
O00116,P62070
P01920,P78346
O75394,Q8TAE8
O95298,P51970
P62979,P62987
P34981,Q8WW34
Q96DZ9,Q96PE7
P02753,P55286
O43824,Q6P1L8
P29375,P68431
O75396,Q9UNY5
P20309,Q9Y663
P0C0S5,P84243
Q969L2,Q9P2R7
P39019,P62841
A6NCL1,Q5SZD1
P08514,Q9BV87
A2RUH7,P35222
O95167,O95168
P32927,Q5SQ80
O43674,Q71UI9
Q2TBE0,Q9UMS4
P50402,Q8IWZ5
P02724,Q7L2H7
O95170,Q4LDG9
P25786,P40306
O95154,P51959
Q15796,Q9HAU4
O75223,P46779
P21728,P49184
P46779,P62913
P51668,Q8WUX1
P51157,Q9Y5S9
P05386,P62244
P35269,Q8N271
P18505,Q12933
P10321,P13747
P62906,Q9UJY4
Q8NF67,Q9BYD2
O00311,Q9UBU7
P01597,Q6ZVW7
P13984,P51809
Q8TCC3,Q9BQC6
Q96J92,Q9UH77
O15155,Q13520
P08708,Q14296
P62081,P62753
P61601,Q16613
P53004,Q96HF1
P53990,Q8N0X7
Q5T1C6,Q86YJ5
P62068,Q4KMZ1
P19429,Q8TES7
O14807,Q5SRI9
P63208,Q9H2F9
P52797,Q9UBZ9
P20273,P43628
P17302,P48047
B7Z8K6,P09693
P0CG47,P20618
Q8N1G4,Q8N9N8
P29084,Q12962
O95167,O95298
O75636,P32856
P13861,Q92667
O75909,Q6A162
O60934,Q96RE9
Q8NFZ5,Q96AP0
O60341,Q13351
P62249,P62917
P68431,Q96A08
P0DP23,Q96IU4
P82914,P82930
P10696,Q75N03
Q03181,Q9BQ24
Q13526,Q8IZ69
Q00169,Q9NPC3
P58658,Q6P1J9
O75128,P32780
Q5T653,Q96RP9
P28324,Q8NFN8
P10826,Q8TDM0
P57738,Q9Y2L1
Q9BUI4,Q9H1D9
O43395,P09234
O60930,P0C7M3
O43513,P19388
Q14696,Q8NE31
Q7Z2W9,Q8IXM3
Q30KP9,Q9ULG1
P39019,P46781
P54725,Q92752
P13984,Q9UPT9
P51114,P51116
A6NNE9,Q8IWT0
P01861,P47871
Q16534,Q9BYC9
P31947,Q6NXT1
P05198,Q92570
P62316,Q5JR12
O95232,Q96J92
P61956,Q96F05
P46781,P62857
P82673,Q16540
P25398,P62847
O00217,O15239
O60262,Q6PGQ1
P29972,Q16563
Q7L5N1,Q9H9Q2
P60410,Q5TCM9
O60404,Q9H0U6
P0C0S5,Q6RFH8
P61968,Q8NHQ1
P21728,P62873
P26378,Q5H9J7
P13674,Q6IAA8
P62310,Q4L235
O75530,Q8N4S9
P0CG32,Q9NZE8
P53004,Q9H7B7
A6H8M9,Q8IUQ4
P22676,Q8IWL8
P60410,Q8WV44
O95139,O95178
P61960,Q86UV7
P02708,Q6A162
P0CG47,P49720
Q9BXS1,Q9HB31
P62263,P62753
P43657,Q9UBZ9
P60709,Q9NPH3
P21554,Q6Q0C1
Q03188,Q6FI13
P62273,P63220
A6ND01,Q68DV7
O43653,Q9BVK8
O43824,O75394
P48552,Q04323
P07814,Q1RMZ1
A8MT65,P51149
P28066,Q8NDP4
Q3SYF9,Q8NGJ7
Q52LA3,Q9H1J7
P62753,Q8N1G4
P28331,P49821
P32969,Q96D46
P52435,Q03591
C9JQI7,O43504
P62306,P62314
Q9BZE1,Q9NP92
P10826,Q9NTW7
Q16611,Q8TCB0
P05387,P62829
P62318,Q8N4C8
P05386,P62847
O75821,Q99613
P62191,P62195
O14681,Q8WXX5
P62249,P62701
P05090,Q3KNW5
P53673,P62380
P40616,Q9UKJ0
Q15428,Q7L014
P31948,Q13613
A6NHP3,Q99584
P63244,Q9ULC4
O75425,P11912
P39019,Q63HQ0
Q96J42,Q99811
P46783,P62269
P53597,Q8N2W9
P28331,Q16795
O14818,O43361
P0C881,Q99496
A0A5B6,Q9UIV8
Q16548,Q9Y6I3
O43889,P17302
P52657,Q9BTT4
P13693,P83731
P19419,P63279
P04637,P55199
Q969T4,Q9Y5W9
O60603,Q8WWL2
P86452,Q92558
Q6ZRY4,Q96IZ5
P83110,P98170
P54845,P63244
P21728,P29317
Q03111,Q9HC52
P02724,Q8IW03
P62805,P62807
P04234,P20963
P21580,Q9BQ13
P01597,P23443
P14678,P83369
P20248,Q8NHZ8
P62899,Q15185
P32969,Q969S3
P02686,P50750
P07900,Q5XKK7
O75364,Q99719
P60568,Q13634
O95104,P06733
P05106,Q9GZU1
O43865,Q86WV6
O95299,Q13201
Q5T653,Q9UI43
Q5GJ75,Q8NEM8
O95864,Q93015
O00206,Q6ZMR5
P47813,P62826
P62266,P62910
P62873,Q9H228
P48145,Q9HC62
A0A087WWA1,O95837
Q86TS9,Q8IXM3
A8MZA4,Q96A65
A5D6W6,Q495X7
A0A0B4J268,Q86Y46
P48357,Q14145
P46783,P62081
P02753,P02766
O14964,Q9Y5V3
Q00978,Q8IXT2
Q6DKI2,Q8IUH5
O15514,Q9NX70
O94927,P41220
O75604,P62987
Q96DI7,Q9NW82
O15375,P07766
Q8N159,Q8TCU3
P62906,Q07020
P01909,Q96JA3
P28300,Q13123
P46782,Q96LQ0
P0CG48,P61077
O95167,O95169
P62191,Q96GM1
P18621,P22090
O60921,Q9BYS1
O75072,P06396
P08865,P62273
P59768,Q9NR61
P68431,Q86UQ0
P63279,Q8IUQ4
O60262,Q4AE62
P12004,Q6P2C8
O14678,P40855
O95999,Q9UGN4
P23396,P62249
P62244,Q8N9N8
O14957,O43920
P60709,Q9BY64
O94819,Q16655
P51946,Q6ZNA5
P55010,Q52LA3
O60609,Q16656
O60243,Q9HAW0
P09132,Q9Y296
P47929,Q99728
P19957,P35663
P09210,Q96L46
P20226,Q6IPU0
P0DMV9,Q9UL15
P07919,P19404
P46778,P62273
A8MPY1,Q86YF9
P62495,P62841
P25786,P49721
P43627,Q96MX3
P17081,P23946
Q96DZ9,Q9ULP0
P62244,P62906
Q53GS7,Q6UX34
P35269,Q16348
P27694,Q9Y231
A6NI86,Q5VZV1
P42677,P63220
P62750,Q8N5N7
P62873,Q99835
P01903,P39687
O60783,Q96RP9
P08729,Q9BYC9
P41250,Q16520
P0C6T2,Q9NRP0
P42677,P46782
P62249,P62277
Q08752,Q86Y78
P62314,Q9H6L4
O00154,O14810
P40337,Q99814
P08621,Q9Y6C7
P13805,P63316
P62913,P84098
P28223,Q92698
P62877,Q13620
P0C0S8,Q9C0B6
P54727,Q96IV0
P06733,P17787
P62851,Q8N697
P62318,Q30KQ9
O95139,O95169
Q8N5X7,Q9H0R8
P15498,P61586
O60921,Q9H0E2
P62314,Q16637
P29375,Q5JTJ3
P34820,Q13564
P12004,Q99536
P60866,P62847
O75489,O95298
P12755,Q13291
Q13627,Q8NCN4
O43889,P29972
P40937,Q14190
O43920,Q969Q6
P20036,P57727
Q8IXH7,Q9H3P2
P41091,Q8TEQ8
Q969S9,Q9NZE8
Q13322,Q6Y7W6
P46782,P62277
P16452,P62993
P61088,Q8TBB1
P01210,P62873
P26373,P84098
P36954,P51946
O00767,Q8TED1
O95154,P80075
P63104,Q9P0K1
A0A0B4J268,A0A5B6
O43447,Q9Y333
Q06323,Q13885
P0DL12,Q2TAP0
Q8NGL6,Q9HBM6
P18621,P55287
O15235,Q9BYD6
P08559,Q15118
P35228,P62280
Q5JX71,Q9UNI6
Q00059,Q96GQ7
P19429,Q86UZ6
Q01780,Q9Y6Q6
P02671,Q96S79
P08294,Q9BVG4
P0DN80,Q16637
P61247,P62273
Q00266,Q6NYC8
P15880,Q8N9N8
P34972,P49746
A0A0B4J240,P61769
A6NLU5,Q15369
P23396,P39019
Q5GH77,Q92624
O75448,Q9NWA0
P61218,Q96S66
P50591,Q8N8H1
P07288,Q96EV8
O95295,Q96EV8
P01111,Q969H6
Q8NH18,Q8WUW1
P62906,P62917
P62273,P62888
P63313,Q53S33
P62314,P62316
O75792,Q96LU7
E9PQ53,O75610
O14893,Q96B67
O95167,O95182
P01911,Q5VWW1
P46781,P62244
P27918,P62750
P10809,P61604
O14957,P17568
O15382,Q9NYJ8
P62277,Q96L21
P62244,P63244
P40938,Q9NRQ2
P12004,P49005
P10321,P43628
P42285,Q96R67
P46199,P82664
O43181,P56181
P28300,Q8TAT6
P62241,Q8N1G4
Q16543,Q2TB10
P53999,Q9UJW0
P02760,P13798
P62280,P62913
P01732,Q8N4Z0
P11177,P60368
O43824,P09001
P16104,Q70YC5
P06733,Q7M4L6
A0A0A6YYL3,P47869
P24298,P51553
P60568,Q2M243
P42766,P63241
A0A0B4J268,P01743
O60225,P40227
O15165,Q5QNW6
A0A0B4J268,Q96R05
P0C6S8,Q16540
O75380,Q9UI09
P05161,P37108
O96008,P22059
O14561,P52815
A0A1W2PRN6,Q9NXG2
P08865,P63220
Q07020,Q96CT7
P82251,Q5VTT2
P17181,Q15057
P62877,Q15843
O60431,P62166
O14957,O95299
P33681,Q13489
O43660,Q13356
P50991,Q9NPI0
P10747,Q2KHN1
P62495,Q07020
P50552,Q8IV45
P56181,Q9UI09
O95139,O95182
P40337,Q9UNS2
P30281,Q9BXI3
O14807,P62136
Q14197,Q96RP9
P05386,P35268
P0DI81,P62826
P04921,Q8NEB9
A6ND01,Q8IZ26
A8MT69,O00292
P05230,P21579
P04234,P0CF51
P62807,Q71DI3
A0A5B9,P01909
P48730,Q9BZL1
P49411,Q7Z2W9
F8W1W9,Q9H1D9
O15392,P68431
O43557,Q96KF7
O75438,P14927
P54578,P62191
O15541,Q9UNP9
P0DMV9,Q9H6T3
O60284,P01116
Q92797,Q9UKF6
P0C0S8,Q92529
P55036,Q8NGM1
O94906,O95363
P53803,Q8IWV1
P02748,Q9BRD0
P59768,P63096
Q9NUL7,Q9NVS2
O14599,Q99828
P62854,Q9Y257
Q8NI38,Q96PK6
P09629,Q9Y2T2
A4D1E9,Q9NX20
P15884,Q96CB5
P31942,Q06265
Q9BYN8,Q9NRX2
P62244,P62266
P40429,P62495
P83105,Q5VST6
Q8N8I0,Q9H7S9
P41587,Q15528
P13747,P35557
O00482,P35226
Q9H6E4,Q9NZ43
Q8NEA4,Q8NHQ1
P57768,Q63HM9
C9JDP6,Q9Y6M9
O14788,Q2MKA7
P50895,Q8NFZ6
P50750,Q15040
P13805,Q8WWB3
P07384,Q96G25
Q8TAV0,Q96A35
P46779,Q969S3
P11245,Q96PE7
O75593,Q8NG77
P20226,Q8TAV4
P15880,P63244
P62195,Q8N1W2
O60934,Q9BXN2
P60059,Q96L21
P01374,Q92784
O75593,P26651
O43181,P14927
P46781,P62847
P04083,Q6P5S2
P45379,Q8WV15
P25398,Q8N9N8
P36954,Q9BTT4
P22001,Q9NX24
P62316,Q96CF2
P62487,Q9H204
P01850,Q30154
Q92620,Q9UMS4
P62081,P62277
P62269,Q9BVS4
P53803,Q9UKP6
P06396,Q96EV2
P54727,Q9NT99
Q8N720,Q9HB96
O95147,Q86WW8
O95983,P78316
P40933,Q9H0A9
O43543,O75446
P51164,Q9BRI3
P61247,Q9HAT2
Q92843,Q9NYZ3
P51843,P62807
P05387,P47914
P29401,Q71UI9
P49703,Q9Y2W6
P04908,Q9NQR1
O43813,Q9UHR4
A1L168,P0C7M3
P62244,P62899
P05198,Q6UW78
Q6DKI7,Q70UQ0
P22090,P83881
P48169,Q96HA7
P05387,P46776
P48382,Q13077
P16104,P20618
P61964,Q9BTK6
A7XYQ1,Q13217
O75348,Q8WVK7
P06733,P45973
O95298,Q13753
P01861,Q9NR63
Q96EH3,Q9BYC8
Q14197,Q9UI43
P62495,P62917
P14784,P60568
O15263,Q9NRX1
Q16181,Q96PQ6
Q16543,Q7Z4Q2
O60934,Q9UNH7
P61769,Q68CZ6
P62277,P63220
P47871,P62753
P46976,Q5SRI9
O14949,O95298
P59998,Q9H293
O75554,P17098
O75901,P12830
O43824,Q9Y3B7
O43674,O43920
P10321,Q96S95
Q13435,Q9H6L4
P07998,Q96GA3
A6NGS2,Q96SW2
P56181,Q495M9
P18089,Q86Y39
P52434,Q9P1U0
P62917,P84098
P39019,P62857
Q4G0U5,Q9BYD2
P25788,P54578
P20963,Q6UWP2
P10747,P33681
P61326,Q08AG5
P0C1H6,P48304
Q16613,Q9Y5C1
P60866,Q9NRX1
A1KXE4,Q16548
O95825,Q5T2L2
O94907,P17028
P26022,Q9NQC7
P51798,Q92558
P01210,Q13794
Q96IY1,Q9H410
Q00987,Q16665
P62280,Q08AM6
O00522,Q96I45
P01877,Q9BWD3
P51946,Q9H7Y0
A0A0J9YWL9,Q6T311
O43824,Q13084
P0C0S8,P62807
O43824,Q13405
P51553,Q7Z5A4
P04440,Q9ULM3
Q4G0W2,Q96CW6
P22004,Q8NB91
P02753,Q6PRD7
O00244,Q7L5N1
Q9NW82,Q9P013
P55769,P82909
P62269,Q9Y6F6
P28324,P30405
Q5VTR2,Q6P1J9
P01877,Q86VH5
P10321,Q96F63
P17568,P31930
P25398,P63244
P14678,Q9P021
A8MVA2,Q8NC69
O94925,P57764
P43628,Q9UN70
O00400,P54727
P08708,P62273
P34972,P62873
P06396,P10275
A0A0B4J1U6,Q15828
O43670,Q6E0U4
P20248,P46527
P01215,Q9BYD6
O95251,P62805
P01042,Q9NXA8
P29373,Q2TAA8
P62753,Q9BVS4
P31947,Q9H0B3
P32969,P62495
P02760,Q86SJ2
P05386,P62750
P50539,Q92546
P15884,Q495X7
O60869,Q9NX58
P47710,Q9UHD9
O95298,Q9NX14
Q15843,Q9UPQ0
P27824,Q92934
P06312,Q9HAU8
P06850,P34998
P52815,Q92748
Q96SW2,Q9UKS7
Q13356,Q13573
P15509,Q8N5G0
O75489,Q99697
P62750,P62910
O43676,O75251
P08708,P46783
E5RQL4,P50914
A6NMK7,Q13098
P62273,P84098
Q7Z7H8,Q9NUL7
Q13330,Q13547
O95863,Q96PE7
O14807,Q99719
Q9UBZ9,Q9Y253
O95257,Q14957
A0JLT2,Q16594
O95863,Q8NGP2
O60516,P06396
P62256,Q96B33
O14893,P62304
P09668,Q7L523
O60671,Q9Y5Y6
Q86TS9,Q9NUL7
O95147,Q7RTU5
Q96A65,Q9NV70
O95210,Q5TFE4
O15212,P40227
P17540,Q13432
O15226,Q15118
O95371,P01282
P29508,Q9NQG1
P05387,P62263
P05386,P61313
O75971,Q8IVV8
O75822,P05198
O95147,Q9BZF3
P49411,Q14197
P04637,Q68CP4
O00311,Q6ZMR5
Q6NVV1,Q9UIR0
O15151,P61964
P35232,Q9Y535
P28067,Q8NDF8
Q6P1L8,Q7Z7F7
P07202,P53803
P50151,Q8N511
P22090,P46776
Q8IUC1,Q9NQC8
Q96GC5,Q96RP9
P60369,P84098
O75787,Q15904
P22415,Q96F46
P05161,Q8WUX1
Q96RP9,Q9Y3D9
Q8IYB3,Q9UMS4
O15209,P06312
Q8NC69,Q96T68
O60636,P42773
O60809,Q8WX92
P14927,P17568
O75554,P62304
P15880,P62249
O95198,P50895
P33151,Q71UI9
O94850,P53041
P05198,Q9UI10
Q8NC51,Q9H910
P61769,Q16655
O43824,Q96GC5
Q16613,Q4KWH8
P28300,Q6MZZ7
Q13427,Q9HCG8
P02679,Q53FT3
O14807,Q6ZUT1
P06028,Q5VSY0
Q9BYD2,Q9HC36
O14807,Q6NVV3
P79483,Q9Y3C8
Q9HCS7,Q9NXE8
P62314,Q2TAY7
Q96A35,Q9UI43
P60763,Q15532
O95886,Q93077
P62280,P62979
O43504,Q9Y2Q5
P60484,Q86X19
O95754,Q6ZMJ4
P02753,Q03111
O95298,Q53G59
O75530,Q86T23
O00748,P68036
P09693,Q86VE0
O60888,P08833
P0CAP1,P15923
O60262,O94762
P61927,P62888
Q96RP9,Q9NQ50
A2NJV5,Q9NZ42
Q13501,Q9UHD2
P05165,P05166
Q15018,Q9NXR7
Q07325,Q96LL3
P62424,P83881
P28068,Q7Z3E5
Q8N5M9,Q9BZE1
O43583,P63220
P23396,Q9ULX3
O00311,P49736
P01160,P03372
P07814,Q96CM3
P0CG47,P62333
P08865,P25398
O00506,Q8IWT0
O43676,P22695
O60383,P20073
P01210,Q96LT6
O75822,Q7L0R7
P43630,Q96NZ1
Q8N9Z2,Q9ULG1
P62258,Q86VV4
P05089,Q8TAU3
P62750,Q92988
Q92620,Q9ULR0
P46782,P62847
P53999,Q9HAK2
P51811,Q9H2X6
Q6ZYL4,Q8IX94
P0CW18,Q5QNW6
O43506,Q5T292
O75663,Q9BWV7
O95819,Q9H0R8
P31153,Q00266
P51970,Q9UBF6
P0CG48,P51522
Q8IX90,Q96BD8
P14406,P20674
O75884,Q01094
P42285,Q5RKV6
O00522,P0CV98
P01730,Q6ZMM2
A6BM72,Q5VYX0
O15209,Q86WT6
P31146,Q96JD6
O14893,Q7Z422
P62266,Q92979
P04637,P68431
P06340,P25101
P09382,Q92791
P09001,Q9NYK5
P20248,Q9UJX6
P68431,Q9Y294
Q92665,Q9H2K0
P28062,Q6UXD5
Q00LT1,Q5I0X7
P12004,Q9P1Z2
P08708,P62841
O95157,Q15750
O95198,Q9UN66
A6NCE7,Q8NET5
P07900,Q8WTQ1
O60232,P50591
Q5SZQ8,Q5VTL8
Q9BYN8,Q9H2K0
P20248,Q99741
P09564,P29375
P20226,Q92759
O95997,Q9HCS7
Q96GC5,Q9UI43
O95999,Q8NF64
P62306,Q9UK10
Q8N8D9,Q96CT7
P62495,P62857
O15144,Q9BPX5
P15880,P39019
P07766,P09693
P49959,Q5TBE3
P05556,Q6P2I3
P62280,P62841
P39019,Q96A58
O95777,P09234
P49406,Q9NUL7
P49736,Q9NYP9
P02766,Q9NRM0
Q9H2K0,Q9Y676
P27348,Q92934
P10144,Q15185
O14893,P31941
P22090,Q9Y3U8
P01210,Q9Y5Y0
P23381,Q7Z2D5
Q6XE24,Q6ZV60
O75414,Q15596
P48730,Q96JB5
A0A0B4J1U6,A0A0B4J268
O43609,Q6P2C8
P20042,Q13144
P39019,P62244
Q15846,Q9GZQ3
O43927,Q7RTV0
P05387,P61247
P62805,Q93077
O14893,Q7L1W4
P62979,P83731
P51157,Q75LS8
P19388,P52435
Q8NGT2,Q96DV4
Q15070,Q9BYD6
P25398,P62249
P0CW01,Q96M63
P06899,P0CG47
O14949,Q9Y6M9
P62280,P62753
O95168,P08574
O95156,Q6UWJ8
P08473,Q96SL4
P62424,P62979
A6NF83,P51570
Q2NL82,Q86WV1
P14866,P61978
A6NL08,Q8WW59
P10451,Q16236
O60934,Q5FWF5
A0A087WXM9,Q06323
O00488,P61927
O75628,Q6RUI8
P08708,P46781
Q9P0I2,Q9Y3B6
P82673,Q12905
P83110,Q5BJE1
O14832,P06729
P36578,Q96D46
P06729,Q9Y2K2
P61086,Q0ZLH3
Q16594,Q5VWG9
P25788,Q9BQP9
P51553,Q96BR5
O14495,Q96IY1
Q96DV4,Q9P0M9
P12830,P35222
P22897,Q13564
P62280,P83731
P25786,Q86YT9
O75394,Q8WZA9
P01270,P55344
P62249,Q9UBT7
P21580,Q8NFK1
P11908,P60891
P01594,Q01826
O95863,Q9NTQ9
P82664,Q16540
Q8IZU0,Q9BX74
Q8NCN4,Q9Y6Q2
O75394,Q8TCC3
Q9BUE0,Q9P086
O75629,Q92806
P59190,Q00403
O00311,P36021
Q8N7H1,Q9Y3C7
O15273,P50461
O95983,Q96MX0
P68431,Q8IYW5
A5A3E0,Q9Y577
A4QPB2,Q13098
P19957,Q8N108
P46779,P62495
P05386,P62249
P62424,Q96D46
O76011,Q9NSB4
O43676,P07919
P06748,Q5JQS5
Q14190,Q8IYT2
A0A0B4J268,P46783
O75829,P29374
P49356,Q96A65
Q06265,Q9NQT5
P17302,Q32MZ4
P01589,Q6P1R3
P05387,P25398
P20042,P62841
O15198,Q13268
O60290,P40306
O43824,Q7Z7F7
P62314,Q5RL73
O15234,Q6PI25
P18621,P61247
B6SEH8,Q9NUN5
P62072,Q8WW12
P62495,Q92733
P62306,Q969L4
Q8N1G4,Q9ULX3
P05165,Q9P242
A6NIV6,Q9NX24
P19388,Q8WVM8
Q8NC69,Q9BX93
Q00987,Q92831
P62424,Q969S3
P07196,P61086
P19388,P61218
P62081,P62847
P62891,P62979
P62280,P62891
P0CG47,Q5JQC4
P62736,Q9P015
P0C0S5,Q8IZ21
O60880,Q5VUJ9
Q6PHW0,Q86WT6
P39748,Q6IBS0
Q8TCD6,Q9UJY1
Q13503,Q9NVC6
P25786,P28074
P25398,P39019
P39019,P62847
P54578,P60900
P08637,Q92843
P31947,P55895
Q8N4P6,Q9Y4E5
P17980,P54578
P61758,Q8TB68
P27816,P68400
Q7Z699,Q9NPF4
P83881,Q6NXS1
P28062,Q6UW01
P05546,Q8N0W7
Q2MKA7,Q9BQM9
P59768,Q96LB2
P11908,Q9GZV4
P62195,Q96ND8
P47893,Q9UQ16
P82663,Q9BYD6
P68431,Q9NXA8
O00459,Q96HT8
O14544,P60891
P23396,P46776
O60262,P62879
P39748,Q9H902
Q1XH10,Q495A1
O43504,Q6IAA8
P46776,P63220
O43567,Q5JUK9
A0A0B4J272,A0A5B9
P11926,P81274
P14784,P40933
P33402,Q9BPX6
P12814,P33151
A5PLL1,P01920
Q8TDQ0,Q9NYJ8
P49411,Q9HC62
O14561,O43677
P62424,P62753
O43915,P36941
P17980,P28066
P49770,Q9BPX1
P43627,Q9UJL9
Q6UX04,Q9UMS4
Q9H6L4,Q9Y388
P68431,Q9Y5B9
P62891,Q96D46
Q86VV4,Q8IYN2
Q6P1J9,Q8WVC0
P0CG47,P62195
P10124,Q96ET8
P61247,P62277
Q7Z7H8,Q9UI43
O95857,P54257
Q13427,Q9UNP9
Q17RP2,Q9UL15
P18621,P25398
P23396,P63220
P62906,Q9Y639
P62266,P83881
P20248,Q8N944
P08559,P12034
Q86TS9,Q9UI43
O94927,Q9P126
O43660,Q9P013
Q4U2R8,Q96DZ9
Q13510,Q96CE8
P40937,Q13242
P48039,P62873
Q8TDI7,Q9P0M9
P17302,Q9BV87
Q16548,Q6P1L6
O43678,P07919
P12004,Q8WV15
P05387,P42677
P02042,P28062
Q13427,Q9NXE8
O94927,P42685
P63104,Q16613
P05177,P15884
P62263,P62847
Q5DJT8,Q8N4T0
P33981,P42677
P63098,Q5SY80
P08865,P13521
P62070,Q8NBS9
O60262,Q00889
P49959,Q13643
P60866,P62249
P10589,P23919
P20042,P41091
P62258,Q9P2M4
Q9BWG6,Q9HCG8
P05231,Q9BVM2
P01574,Q9NPR9
P01574,P30519
P63279,Q5JVS0
Q6P1L8,Q8N983
O94832,Q9Y3C7
P08133,P25103
O43865,Q9H095
Q9BSW7,Q9Y3Q8
P62241,Q8ND76
P61978,Q5T0D9
Q8N960,Q96MW1
P0DMV9,Q9Y5F8
P05387,P62277
O43566,P63096
P09661,Q2TBE0
P07108,Q9H3M7
P09661,Q9H5V9
P01566,Q24JQ0
Q9NPD3,Q9Y3B2
P61247,Q8IYY4
P40937,Q969M1
P61224,Q7Z7G1
Q3LI76,Q92831
P01178,P62873
Q13601,Q8IWA0
P05387,P61254
P04908,P61077
P23759,Q15070
Q16555,Q9NRI5
O75554,Q5U5X0
Q96DE5,Q9UKT4
P27037,P62857
Q53GQ0,Q8N684
P13861,Q92546
O43709,Q2NL82
A1L168,Q96SW2
P62304,P62316
P05198,P62266
P02679,P25116
P19429,Q969Q1
P62244,Q15672
P05198,P62857
Q8N9N8,Q9ULX3
P82664,Q6P1L8
O95319,Q9Y2Q5
O95299,Q9NX14
O95813,P27105
P62280,P62917
Q8IYB3,Q9BWG6
Q9Y2P8,Q9Y2X3
Q8IX90,Q8WVK7
P50990,Q9NZI7
P49736,Q96B77
P09038,Q8WU67
P27694,Q96G91
P62249,Q8N9N8
Q16540,Q4U2R6
O75448,P19388
P13866,Q96CP2
P57768,Q96IV0
P0DN26,Q96J02
Q16552,Q6XYQ8
P0DPK4,Q96BI3
P06734,Q8N682
P15880,P23396
O95926,Q9BW85
P05387,P50914
O14746,P83731
P62249,P62906
P61803,Q14165
Q99816,Q9UK41
A8MUP2,O00206
O75586,Q9NQ39
P10523,P61081
P12004,Q9GZX9
O15212,P50990
P46976,P81408
P09234,P62310
P04279,P61758
P28288,P40855
P62266,P62979
P00519,Q9NVM4
P60468,P62424
P62854,P62906
O60870,P08579
Q496A3,Q70JA7
P20338,P28062
P17181,P20336
P60153,Q96BI3
P0CG48,P62837
P54727,P62993
O94788,Q13620
O75683,Q6NXT4
P46783,P62701
P07814,Q96EX1
P25490,Q16543
P55061,Q9BYJ0
B4DU55,Q99627
P10244,Q96BI3
O75899,Q9H902
Q86UA6,Q96NB1
O60603,Q8NGT1
O43567,P18085
O94762,Q9BYC9
P25205,Q6NUI6
P40616,Q969V6
P35408,Q15185
P19387,Q6P2C8
P22681,P32245
A6NNB3,O95971
O14893,P62316
P0C7I6,P38432
P20309,P59768
O95983,Q8WW38
O60235,P0CG47
P24588,Q8N6N7
O15243,P62304
Q9BSC4,Q9UMY1
O95484,P28288
P31153,Q9UL15
A6ND01,Q99623
P19404,Q14232
Q6NXT2,Q9UBL3
P48165,Q69YG0
P62495,Q6P3R8
P53999,Q8IZP6
P62166,P83859
P62495,P62847
P06899,Q8IYW5
P55317,Q5TD94
Q9NRX1,Q9Y324
O75031,Q9Y2P0
P29084,Q9BYE4
Q9BQC6,Q9NUL7
Q8NHW6,Q9NW64
P20963,P30408
P0DMR1,P61604
Q15427,Q7L014
P55317,Q6VVB1
P50914,Q96MF2
P62269,P62913
P15884,Q9H201
P04637,P32780
P49005,Q629K1
O75348,P62280
Q16181,Q4VXA5
O43824,Q86TS9
O14893,P62308
A0A494BZU2,Q9HD33
P62304,P83876
P28335,Q9P286
P47871,P59768
P11686,Q96G46
Q16548,Q16611
P0DN78,Q9H9Q2
P32004,P46779
A2RU14,Q4KMG9
P22090,P32969
Q6P1J9,Q92541
P01374,P02489
Q96GC5,Q9H3J6
Q2I0M4,Q96RI1
O14893,P49770
Q5J8M3,Q9P2R7
O60478,Q9BYV2
Q8N983,Q9GZQ8
P22090,P30050
Q9UK45,Q9Y333
O60936,Q9HCI6
P04150,P48552
P19429,P21549
P05181,Q8N127
P62330,Q9UGI9
O60814,P04908
P62249,P63244
P09234,P62312
O76003,Q9BUI4
P51511,P62875
O43709,P62269
P01861,P08235
Q68DK7,Q7Z5A8
P06729,Q6P9G4
P61326,Q9UFB7
P52434,Q9H944
P47813,P62851
P28062,P28065
P62280,P62495
O43583,P62277
P62241,Q2NL82
P50552,Q8IWL1
P13498,Q86YL7
O95777,Q13387
P26373,P62945
A0A087WW87,P30556
P31483,Q6P587
O95295,Q9NV70
P10244,P26447
O75663,Q8NI77
P26715,P52435
B1AL88,O43257
Q7L5N1,Q92905
P06733,Q52LJ0
Q6FHJ7,Q8N8H1
P46782,P62945
Q6UX04,Q9H6L4
Q8N4V1,Q9Y3B6
Q16181,Q9UEU5
P01350,Q6IAA8
P10636,Q15185
P55107,Q16633
P01270,Q9BRJ6
P05386,P62913
P0CL85,Q9NQ03
O75821,Q56UQ5
P43356,Q15078
O14807,Q86UV6
P62266,Q5T4F4
P83369,Q9HB31
Q04446,Q8NH61
P62266,P62753
O75677,Q03111
P46695,Q9H5F2
P05112,Q16832
O14957,O95182
Q1HG43,Q9NVM4
P60369,P60412
P46782,P63244
P83731,P83881
O95848,Q6UB28
P22090,P50914
O00206,Q99836
P21554,Q5JQF8
O96004,P54317
P08708,P62277
P23396,P61247
P02763,P05121
P56749,Q9NP71
P54577,Q5VVY1
P50502,P50990
Q8N7C7,Q969M1
Q9NV12,Q9UGM5
O14558,Q8NBB4
O43824,Q9BYC9
P55011,Q9UL46
O60906,Q13451
O60814,Q71DI3
Q01718,Q8TCY5
P51504,Q5BKX5
Q9Y584,Q9Y5J6
P46782,Q6ZU35
P04637,P50750
Q92952,Q9HAY2
P01730,Q9C0I1
P07288,Q15018
Q3SXY8,Q86YL5
Q96DV4,Q9P015
O95298,P08574
P53365,Q86YD5
P62318,Q2TAY7
O96002,Q9Y4Z0
O95721,Q8NDN9
P62249,P62266
Q5JS54,Q92851
P30954,Q9Y577
P19793,Q0VD83
P62263,Q9NRX1
P82921,Q9H2K0
A6NEL2,P09471
P50991,Q765P7
P63104,Q9Y6B2
P11831,P35269
A0A0B4J268,P61769
P09327,Q68DV7
P41223,P62308
P04271,Q9NZF1
O00148,O00217
O43719,P62308
A0A0B4J1U6,Q8N960
O00311,Q8WTV1
P46783,P62857
P09234,Q9Y4Y9
O95711,P62068
P80098,Q86VP1
Q71DI3,Q93079
P50219,Q96DV4
P37173,Q9H320
O75396,Q9Y5K3
P24588,Q8IWU4
A6NMX2,Q6PJ69
O75554,P83876
P62851,Q9Y5R2
O43809,Q8TEQ8
Q969K7,Q9NPL8
Q9BVS5,Q9H7L2
P61326,P62314
O14529,O60921
P80098,Q86V40
Q8NHY3,Q9HB96
Q96PC2,Q9BV86
P40337,Q9BQI0
P27449,Q16864
P05198,P62244
Q6P587,Q9NP72
P21728,Q8N960
P0CG48,P62195
P60174,Q9NS15
P36578,P62495
P50222,Q5EBL4
Q96HR3,Q9NPJ6
O43809,Q9H4B8
P46782,P62266
O60356,P48039
P01574,Q9C004
O14647,Q9NUG6
P25205,P33991
P62266,P62891
O75899,Q9P1W3
O60934,P49959
O60231,Q9BWG6
P06307,P09960
P21554,P62873
O15198,P60002
Q14376,Q96GC5
P15884,Q8WWC4
A6ND01,Q96IR7
Q8TEQ8,Q9UMR2
P23396,P25398
O60291,Q96QD9
Q5VUJ9,Q9UL41
Q8NF37,Q9H492
P01584,Q8IYS0
Q8N983,Q9P0J6
O15403,P06731
P0C221,Q9Y3C7
P45379,Q8N2H4
P62244,P63220
P09693,Q96N46
P01860,P50222
O60810,P01563
P40937,Q9H0D6
O75934,P01848
P0DMV9,P31948
P11021,Q9H944
P31947,P80162
P49411,Q9H2W6
Q5HYL7,Q5T4W7
P01909,P01920
P05783,Q15782
P62424,P62495
P35212,P60033
P82650,Q9BYD6
O43824,Q9BYD3
P51948,P61218
O15273,Q9H2H0
P62249,P62899
P20248,Q13415
Q9Y2R5,Q9Y3D9
O43521,Q16548
Q15788,Q92731
P60604,Q6QNY1
P61956,Q07011
O75379,Q8WWF3
P62805,Q96QV6
A6NLP5,P61218
P61326,Q8N807
P30281,Q8TAL5
Q01105,Q8IY49
P50539,Q8TBE1
P25398,P60866
P04217,Q86WT6
O43674,O43677
P62277,Q5JRC9
O14880,P10619
O60783,P82663
P23396,P62269
P0CG47,P28070
O95994,Q7Z3F1
O00623,P02747
P28360,Q92917
O76076,O95416
O75452,Q9BTT0
P01574,Q9BXU7
P51668,Q86XT4
P61313,P62277
O60759,Q6TDP4
O75558,Q8NGF9
P26022,Q96J01
Q14165,Q9H0U3
Q6UW01,Q86YF9
P51553,Q8WWX0
P62269,P83881
A6ND01,Q96HJ3
P05141,P47870
P82933,Q16540
P62263,P62906
O60341,O75069
Q06323,Q9UL46
P82663,Q96RP9
P82663,P82933
P82914,Q4U2R6
P59768,Q01718
O95251,Q9UNH5
O15198,Q13485
P57772,Q9ULP0
P46782,P62899
P09001,Q96R45
O94941,Q9Y2F9
O95182,O96000
O43824,Q8N5N7
P22090,P26373
P01850,Q9NVI7
Q8NBP7,Q96EF6
P62857,P83881
O15143,Q8WWY8
O96008,Q86XJ1
O14949,O75489
Q6PIV2,Q86SG7
P30260,P51955
P02654,Q5T1C6
O43561,Q9GZY8
P41091,Q8NGN3
P20248,Q13042
P62263,Q9BRS2
Q13951,Q15369
Q9H0U6,Q9NUL7
O76011,Q53S33
A0A1B0GTR3,Q9NRI5
P62269,P62273
A0FGR9,Q16540
P61247,P62847
P29373,Q8NHW4
O00548,Q9BPX1
Q08AF8,Q75WM6
P08473,Q92569
P29373,Q96K19
P31946,Q9UQ84
P28067,P55081
P62805,P68431
P42773,Q8WTS1
P37231,Q6UXG8
P30874,P40227
P15923,Q6IQ55
Q5RL73,Q9Y388
P41271,Q9UBP9
P49593,P82980
O15069,Q9BUE0
P10747,Q9UP79
O94788,O94906
P55769,Q96NC0
Q71SY5,Q9H204
O00217,Q9UK55
P01579,Q96C92
P62841,P62888
O95169,Q16537
P15880,P63220
P61077,P62805
Q03188,Q5QNW6
O14492,Q15554
P01709,Q9BWQ6
P15880,P46782
P61254,Q8NC51
O15273,Q9Y4K3
O14908,Q9NPI8
O60814,P62805
O95677,P06396
P47914,P62945
P32456,Q9Y3C7
A0A1B0GW35,O75821
P05387,P61353
Q8N687,Q96KX1
O60262,P62873
P13682,P19429
P02671,Q9HD15
P62314,Q8NG27
O43633,P29972
A6NIV6,P20226
P22090,P61513
P61353,Q8IW19
Q30154,Q8N135
Q8NHC4,Q8WX92
P53004,Q9H0X6
O15198,P60568
Q6AZY7,Q9GZQ8
P43627,Q6NXG1
P19388,Q96G25
P08559,Q96FA3
Q15072,Q96HA4
P62917,P62945
P62805,Q99728
P40306,Q5SQ64
P62847,P62851
P46782,P62249
O43513,P36954
P49736,Q8WXX5
B5MD39,Q8WUW1
P35542,Q00597
P05386,P62273
P05387,P08865
P62841,Q2NL82
P61758,Q9UBP9
P62906,P62910
Q6P1J9,Q9GZS3
Q96LM9,Q9NRQ5
P57103,Q92934
P02008,P13861
P48556,P49721
P20963,P49736
P32780,Q6P4Q7
C9JJH3,P35249
Q16633,Q9Y4E1
O60676,O95198
P49721,P51157
P62750,Q99574
P04637,P19388
P05019,Q8NFW1
Q16864,Q9NS75
P31785,Q15406
Q9BQC6,Q9UI43
P02748,Q9UDY4
P62269,P62979
P25786,Q9Y5H4
Q5W111,Q8WXQ8
Q96A72,Q9BW85
O43824,Q9NZE8
Q969S9,Q9H2W6
P0CG48,P60604
Q01780,Q9NQT4
A6NNB3,O95182
P12004,Q70SY1
O60603,Q8WW12
Q13617,Q15369
O15212,P61758
P08559,P11177
O43865,P42773
P62857,P62979
P63244,Q9UQ80
P62136,Q6NYC8
P13861,Q6P1W5
P34897,Q2M3T9
P60412,Q9NQX5
P62851,P83881
Q7Z6K5,Q86XQ3
P22090,P40429
P52435,Q6ZMV9
O94941,Q96FL8
P06340,P13765
O43567,Q24JQ0
A6NDE8,Q96LA8
P07864,Q9UNS2
P46783,P62244
P0CG48,P62877
O60437,P62318
P62244,P62888
P62269,P62280
P61956,Q9NX78
P61956,Q9H1Z8
A8MUP2,O75716
P62841,Q9ULC4
Q03188,Q6P1K2
O15392,Q9NQS7
Q92665,Q9BYD6
Q8TCC3,Q96RP9
O60676,Q8IWX5
P25685,Q53EZ4
Q5JX71,Q969Y0
O43809,Q12908
O14561,P14927
P32969,P62750
O75575,P21580
P28065,Q16795
P05386,P62979
Q96DV4,Q9H3J6
O15234,P61326
O95168,Q8N6I1
Q6L8H1,Q9BYQ4
P19404,Q96RQ1
P30260,Q13257
P46527,Q9UN75
Q15629,Q9BYQ4
P62081,P62899
O15173,P62304
P13349,Q9Y2P0
P62249,Q8N1G4
P17568,Q96B49
P25398,P63220
Q9P0J6,Q9UI43
P10153,P68871
Q92917,Q9P021
P49411,Q9Y3B7
O60783,P82673
O75251,Q9NUD7
P25398,P46782
P0C0S5,Q8IYW5
O95169,P31930
Q9BVS4,Q9ULX3
Q16594,Q6ZYL4
O75396,Q9BXA7
P0CW20,Q2KHT4
P0CG32,P51157
P0DP23,Q9Y5H9
P49411,Q9NP92
Q86V85,Q9ULV8
P05386,P46776
P49221,P50213
O95257,Q86YI8
P06850,P62873
Q8N801,Q8NGL0
P27986,P59190
P62308,Q7L014
P08908,Q96NU0
P05386,P62280
P60866,P62273
P22090,P61353
O95707,O96000
P29373,P35914
Q13444,Q96HE9
P04908,P68431
P62249,P62851
P13861,P13928
P09471,Q9P289
O43818,Q9BSC4
Q15022,Q96J02
P62495,P62750
Q8TBZ8,Q9HCS7
P06748,P13693
P14859,P48431
O60880,Q02556
A2RRH5,Q9BZJ0
P53567,Q6P1R4
P30153,Q9NUG4
O15212,Q9BYZ8
P04637,P53803
O75394,P49411
P11908,P35754
O96000,P08574
O75052,Q92585
Q92620,Q9UNP9
A0PJW8,Q5VYX0
P62269,P62753
P00167,P14678
O95837,Q9H0A8
P62306,Q9H6L4
P08865,P10243
P53041,Q9UJ68
O43889,P01374
P43630,Q15910
P82933,Q9Y3D3
O75386,Q96JC1
P25963,Q9NZ42
P04150,P63279
P62304,Q9UBC1
P62851,P62979
P42677,P62495
O94927,Q96CS2
Q86TI4,Q99731
A6PVS8,P04150
P62081,P62249
O14810,P49674
P62273,P62857
Q3LI66,Q9UBP5
P05981,Q9Y5B9
P01780,P47813
P14867,P47870
P39019,P62249
P25788,Q8WWH5
Q69YL0,Q6NXT1
P46782,P62851
Q8NCN4,Q93009
P04908,Q99728
P27635,P62280
P62913,Q6NT89
P33402,Q5T2W1
P46783,P62847
O43586,Q6NXR4
A0A5B6,Q9BWW9
O75663,O95166
P62495,P62910
O43660,Q96BP3
P57060,Q71F23
O95168,Q86Y39
P28067,Q92570
P62873,Q8TCY5
P51946,Q5TC12
P98172,Q86UZ6
P58499,Q9Y376
P12814,Q9NPC6
P62879,Q7Z553
P18621,P46781
P10826,Q8NGF6
P29373,P30281
P83881,P84098
P62753,Q1W6H9
P62495,Q70HW3
P13861,Q06455
O43586,P62487
O60812,P58743
P08708,P62847
Q5RL73,Q96RU7
Q9NR50,Q9UI10
P05386,P62753
P01033,P20248
P53803,Q9BUE0
O14964,Q96MT8
P20248,Q01094
O43566,Q9BQ87
P21675,P29084
P18124,Q9Y3C1
Q13501,Q9H0R8
P61081,Q13564
P62877,Q13616
P08865,P62906
P15880,P61247
A1A4Y4,P04234
P16410,P50461
P62280,P62847
O60244,P36954
P27635,P62841
Q96I25,Q9UL45
P33681,Q08708
P01210,P63096
P15313,Q92585
P20810,Q13155
O95863,Q9Y3D3
Q03188,Q93077
A8MZ26,Q15118
O43809,Q16630
P16035,Q9NUH8
P62837,P62877
P62306,P62316
A8K8V0,P16284
P08754,Q8TCY5
Q9BYC9,Q9NUL7
Q13617,Q92624
P41235,Q9UI10
O75365,P62837
P09471,P62873
P19388,Q00403
Q14534,Q8NBW4
Q13427,Q13573
P41235,Q15366
O00292,Q9BYD2
P05386,P83731
P62244,P62269
P43657,Q92913
O75564,Q86YP4
P05386,Q9Y3U8
P06748,Q8WXB4
Q7RTT6,Q9BWJ2
P35222,Q96PH6
P35348,P53004
P62805,Q9HCL2
O14786,Q99259
P05165,Q96QI5
P62906,P62987
P52434,P52657
P30988,Q9Y570
Q13098,Q9BT78
Q05D32,Q9NR82
P06340,Q8TBC3
P62857,P62891
O75438,P07919
P32780,Q8IV01
Q9H9J2,Q9NUL7
P05230,Q8IXH7
P82663,P82930
Q15038,Q9NRQ2
P09001,P78406
Q96EL3,Q9BQ48
P06753,Q6NW34
P09234,P09661
P19793,Q96M93
P62750,P62891
P37840,P46783
O60404,P62269
P05386,Q02543
P0CAP1,Q93009
C9J3V5,O95298
Q02543,Q96D46
O43583,Q8IWZ5
O75031,Q8NC69
P42677,P62857
P05387,P62241
P55769,Q9Y4M8
O94907,Q96MU8
P49005,P55089
O95182,O95298
O15240,P01563
O43504,Q9NSA0
P0CG48,P28074
P09471,Q13480
A6NNE9,Q92831
P52657,P61218
P42773,Q9HD26
P27635,P46781
P32238,Q9BXB7
O15091,P83876
P46695,Q9P1W9
P05386,P62891
P15880,P25398
P01850,Q9H9L4
O14807,Q13131
P33240,Q9Y6H3
O43920,P82279
P29371,P82980
O95983,Q7Z4L0
Q8TAE8,Q9UI43
P62081,Q8N1G4
P46781,P62273
P82650,Q96RP9
O43525,Q13427
P63208,Q69YL0
P0C0S5,Q15906
O15514,P0CAP2
O75396,Q9BQ66
P62847,Q538Z0
P05386,P46778
P17980,P25786
P05387,P18124
O95292,Q96MT8
O60888,Q8NHP1
P12004,Q04900
O94972,Q4KMG9
Q96RP9,Q9Y2Q9
Q96RP9,Q9NVS2
P37108,P61011
Q9BVW6,Q9NYT0
A6NN73,O43660
O15273,Q5VXH5
Q969V4,Q9Y5B8
P62851,Q96AE4
P14621,Q969H6
P62805,Q96HA7
P32780,Q9NP78
P62314,Q92620
P08700,Q9Y6Y9
O75899,Q6NUK4
P04234,Q9BXF6
O14948,O75558
P25398,Q2NL82
P61236,Q96PD4
P27701,Q99627
P05230,Q99584
O43709,P62753
P46199,P82663
P46781,P46783
O94906,P83876
P15880,P62269
P43627,Q9Y5K6
P35250,Q9UI38
P61158,Q9NZL6
A0PJZ3,P19634
P62306,P83876
P17181,Q5VTL8
Q3SXY8,Q9H0Q3
A6NDU8,O75558
P62424,P62847
P62244,P84098
P46778,P61313
O75521,P34910
O15273,Q9NQE9
O95178,O96000
P25398,P61247
P35453,Q9UBB5
Q16695,Q9UKL0
P19419,Q9Y3I0
Q9GZT3,Q9Y2R5
B1ATL7,Q9GZQ3
P61366,Q6NZY4
O95777,Q9BWJ5
P62847,P83881
B7ZAQ6,Q8IXJ6
P38919,Q92620
P0DPD6,Q99732
P21145,Q5T700
P01730,P10114
P14867,P18507
O95863,Q8NFR3
O95156,Q5GH77
Q14197,Q7Z7F7
Q8N5D6,Q8WVP7
P62308,P83876
Q13503,Q9P086
O00522,P18124
A1KZ92,Q4G0W2
P09601,Q96MV1
P02708,P29353
B1AK53,Q8N292
P20226,P53803
O43809,Q8N684
P60866,P62263
Q00597,Q16342
O75506,Q8TE58
A0A024RBG1,P29460
P12830,Q6YFQ2
P29084,Q8NG80
Q008S8,Q7Z4H3
C9JC47,P06702
O15111,Q96RI1
P00740,P29084
Q01658,Q8NFU5
P84243,Q9UJT1
A2RU54,Q6UUV9
P49888,Q9NX31
P50213,P51553
P29084,Q00G26
Q9NW82,Q9Y3C6
P62241,P62280
Q8NBH2,Q9NPD3
P37231,Q92610
Q06609,Q9NP61
O15264,O95257
Q8NG48,Q96AP0
Q5U5X8,Q8N8D7
P26998,Q16559
P15407,P54652
O15239,P57103
A0PJX8,Q96FW1
P49639,Q9Y6Y9
Q8NB91,Q9Y6Y9
A8MYJ7,Q86TS9
Q99933,Q9H112
P45877,Q9NQ50
P07814,Q13155
P61224,Q5H913
O43364,Q8TAX7
P04150,P07900
Q02223,Q6UW68
P51668,Q70UQ0
P61247,P63244
P28065,Q9Y5P6
O14994,P46976
P46781,P62280
P08908,Q9NX76
O60930,Q8WZ64
P62495,P62987
O60609,Q9P2K5
P26022,Q9H4B4
P62277,P62495
Q9NUL7,Q9NX20
O15205,P01148
P35249,P35250
O60291,Q9NYP3
P27694,P48048
P21757,P39019
O14957,O43676
Q9BYD6,Q9BYN8
P17980,Q7L592
P16671,P49450
A6NDV4,O75792
Q495W5,Q9UI09
P05161,P52747
Q3SXY8,Q5TGU0
Q16540,Q9Y5S8
P09001,Q9HBE4
O43242,P0CG47
P55957,Q9BVA1
P49411,Q7Z7F7
P62316,Q5T2R2
O43557,Q5BKY6
P23945,P50991
A0A087WV53,Q9HB96
P19397,Q8NBD8
O43824,Q9NWU5
P01909,Q9H4I0
P50995,Q6NW34
P34998,Q9HAQ2
Q9BXJ4,Q9H4S2
P62857,Q9BZQ6
P17980,P43686
O15255,Q9Y478
O43543,Q96L11
O75603,Q9UBR4
P60852,Q9H2P9
P62241,Q13601
P02679,Q8IY85
P07550,P81274
Q6ZUU3,Q9P1W9
Q9GZT3,Q9Y6G3
P59768,Q7Z7C7
O94906,P09234
Q9BZJ0,Q9NW64
O14735,Q8NB91
P09038,P26022
P53794,Q68DK7
O00193,O75608
O75396,Q14541
O95166,P62854
P04150,P15559
P25398,P62269
O43674,P14927
P0C221,Q99547
P08865,P62899
P61353,P62913
O75695,P48039
A6NIZ1,P06702
O60244,Q93098
O95832,Q5T653
P29376,Q01718
O14508,Q15370
P13984,Q27J81
P82675,P82914
P04637,P49841
Q8NCN4,Q9BYW1
P05387,P63244
P35222,Q8TDB6
O95994,Q9NPR9
Q9H3J6,Q9NVS2
O75352,O75821
P06746,P31946
O75143,O75380
Q6NXT6,Q86YD3
P51948,Q6ZYL4
P14373,Q96E35
P62306,Q8TBE9
P35244,P59826
O60783,Q13563
P32927,Q9BS26
P20265,Q8IWT1
Q92665,Q96RP9
A0A075B6R9,Q5BJF2
O95402,P61981
Q16609,Q9NRD5
P55036,Q5VXH4
P50991,Q8N7M2
A6NML5,P62072
P34972,Q9NZR1
P34972,P63096
Q16543,Q8NFH5
P49721,P54578
O43513,Q9HBV2
P37231,Q8N7M2
O43181,Q16795
P50539,Q96B97
P62241,P83731
A8K4G0,P62241
Q15370,Q8WXH5
P62269,P62495
Q96EC8,Q9Y375
P05386,P62701
Q96Q35,Q9UBN4
P62273,P62847
Q8NBC4,Q9H341
P53803,Q13503
O00203,P37173
P56856,Q86YD5
P01889,Q9BTV7
P08473,P68400
P36954,Q9NVC6
P28331,Q01081
Q8IUC0,Q9H6Z4
P36578,Q8NBP7
O76090,Q13324
P27694,Q92506
P13861,Q14586
Q8N6L0,Q96LL9
A6NIK2,Q96J02
P62847,P63220
P30411,P59768
P41223,Q9H5V9
Q7L2Z9,Q9NSP4
Q15906,Q96F81
A0A2R8Y4L2,P04439
P62277,P62857
P62906,P62913
P46199,P82921
O14818,P49721
Q96EL2,Q9H2K0
Q16633,Q86WC6
P26599,Q6PCB6
P30260,Q16763
P01116,Q9H0L4
O14964,Q99816
P0DMW2,P19957
P53041,Q9UBL3
P08708,Q8N9N8
P82921,Q9BYD6
A4D1E9,Q9HC36
P35318,P62873
P06307,Q10981
P46778,P62249
P53041,Q8IUK8
P62269,P62277
P42285,Q13868
P62979,Q9BRS2
P01877,Q15759
Q5RL73,Q9BZJ0
P62495,P62851
Q9BYC8,Q9UI43
P37173,Q8N2H4
P01857,Q8N9U0
P25398,P84098
I6L899,Q13573
P07988,P62273
A6NKQ9,P27348
P0C0S8,Q8N2A0
P09234,Q53GS9
O75935,Q9UKA8
P40855,Q15113
B4DS77,Q969Q1
P06850,Q8WWX0
O95721,Q86YJ7
P54619,Q9NSB2
P35462,Q9Y2W6
P0DP74,Q9NVM4
P43235,Q96PF1
O15234,Q92620
Q15935,Q9GZQ8
P08908,Q969S6
O60930,Q9UG56
P62873,Q9Y2T5
P42285,Q01780
Q6PIF2,Q9BXU0
P12004,Q9HCU8
O43865,Q96F24
O94941,P51668
P50749,Q5SWA1
O60258,Q6IAA8
O95298,Q86Y39
P49736,Q14566
P61218,Q6P1M0
Q8TAE8,Q9UGI6
Q16559,Q9Y605
Q96FT9,Q9UQ74
P20309,Q9H0V1
P62266,P62847
P40306,Q8TEQ6
P06733,P60842
O00217,Q5U5Z8
Q13084,Q96RP9
P01909,Q92613
O95243,Q96DZ9
P05386,P32969
P57727,Q7Z5A7
P06899,P48431
A6NK97,O60271
P07900,P50553
O00461,Q99547
P15923,Q9HC44
P05386,P62277
P08887,Q96DD0
P10082,P31947
Q6UX04,Q9UNP9
P62906,Q9H0R5
P21728,Q05901
O94941,P40692
O43610,P56945
B7Z8K6,Q96RP8
P51504,Q70Z53
P0C0S8,Q96HQ2
P23284,Q4G0W2
P06899,P16104
Q969F0,Q96D59
O00115,Q8WYK2
P59998,Q9P0K1
P22090,P61313
P53990,Q9ULD2
O95168,O96000
Q969S9,Q9BYC8
P62891,Q8NBP7
Q6WN34,Q9UPV7
P61247,P62249
P15407,P40261
Q4VC12,Q8IWZ5
P83881,Q969S3
P27469,Q9HDC9
O43709,P62701
P02675,Q6PEV8
P10747,Q13683
P05090,Q9BZQ2
P23769,Q494U1
O43865,Q8N6G5
P33993,Q13291
P14373,P60709
P19447,Q9BZI7
P03923,Q86Y39
O95147,P19801
P01877,Q7Z5Y6
O95257,Q96AP7
P62280,P62750
O43660,Q13427
P83110,Q96NY9
Q96BI1,Q9Y2Y4
P62873,Q96LB2
Q96EC8,Q9BWQ6
P63279,Q8N2W9
O15143,Q9Y3B7
Q9BZE1,Q9NUL7
P05386,P50914
P27635,P30050
P14859,Q16633
P05112,P78552
P01906,P31948
Q30154,Q5T6F2
P11801,Q99471
P62249,P63220
P20853,Q9BYV8
O95931,Q8NFH5
O00487,P25789
P08708,P63244
P08865,Q8N1G4
P63146,Q9Y3C7
P14854,P24311
P61218,Q8N4S7
O94993,P79483
O95684,Q49AG3
P28324,Q9Y6M9
P50990,Q2M1P5
Q13601,Q9NV06
O75964,P18859
P21728,P59768
P09693,Q01453
P37108,Q9Y5M8
P05120,Q6QNY1
P30260,Q96J02
P07766,Q6PII3
P59541,Q96A65
P62280,P62910
P54727,Q05086
P05455,Q5T1N1
P0DP08,P19634
P15884,Q16827
P54578,Q5FBB7
P11912,Q9NWW5
O95178,O95298
A0A0B4J272,Q6EMK4
Q8N5N7,Q9Y6Q6
P08319,Q03468
P61024,P63208
Q8NBP7,Q9H1K1
P01584,P02647
P0CG47,Q8TBB1
Q9BUR4,Q9NY12
P46782,P63220
Q15041,Q9Y4P8
O43824,Q9Y6G3
O43824,Q16540
O43824,Q8TAE8
O14531,Q9UJV3
Q15370,Q16665
P32927,Q92541
P10914,Q9NZH6
P62495,P62913
P28072,Q9UNM6
O43566,Q9H974
O75396,O95865
O75394,Q6UXU4
O60609,P56199
P17980,P51665
P61218,Q9H944
O95630,P61968
P08865,P15880
P62495,P62829
O43674,O43676
A6NKF2,Q5T749
O15287,Q9UI09
P32238,Q96GJ1
O60671,P36507
Q8NE86,Q9BPX6
P62258,Q8N4Q0
O60341,P68431
A7E2U8,P40616
P84243,Q49A26
Q96IY1,Q9H081
P06400,Q96GJ1
P78371,Q13885
P62081,Q9BVS4
P20226,Q96I36
P35611,Q13330
Q00987,Q2M2D7
P39748,Q86YV9
I3L273,P60369
O95178,P03886
P62244,P62280
Q9NWT8,Q9Y3B7
P02675,Q9NYY8
Q30154,Q7Z7B0
P25398,Q13515
P20309,Q12829
P53367,Q13618
P10321,P43627
P06733,Q9GZU0
P02724,P07438
P62906,P83881
P60709,Q6ZMT9
O14734,P46783
Q49A26,Q7RTU3
P59538,Q86Y79
P49411,Q9NRX2
Q16514,Q7Z4L0
P62166,Q99538
P98066,Q9BY19
E9PJI5,Q96D46
P62701,Q8N9N8
P62805,Q71UI9
P55769,Q9Y333
P0CG47,Q9BS18
P39019,P46783
O43623,P52298
P62993,Q9H115
P62241,Q86WX3
P49736,Q96HY6
Q2MKA7,Q8NGN6
P61247,Q8N1G4
O95299,Q96E09
P06753,Q6ZP65
P32246,Q16348
O43504,Q9UHA4
P62249,P62263
P62701,P62906
Q68CL5,Q8IUH5
O00217,O14957
P80294,Q9NQ50
Q8IXH7,Q8WX92
O75293,Q13291
P17540,Q9BYW3
P02675,P02679
O43676,Q9NX14
Q92542,Q9NZ42
O75489,Q8WW43
P19404,P56181
P25205,Q6IE38
P03897,P56181
A0A1B0GUS0,Q2M2E3
O60939,Q96ST8
P05387,P39019
P06312,Q86YT6
P62244,P62841
P50222,Q9BXX2
P06748,Q96HL8
P63000,Q5FYA8
P02765,P60953
Q9BYN8,Q9P0J6
P19429,Q9GZU7
P60709,Q6PI77
P04234,P09693
Q13501,Q14596
P06899,Q5FYA8
P62877,Q13618
Q6ZUS5,Q96R72
O95169,O95178
Q9UNQ2,Q9Y2P8
Q9BZJ0,Q9P021
P0CG47,Q86W47
P30085,Q69YU5
P05112,Q8NBQ5
P0C862,Q8NE86
P06396,P62495
O75575,P54725
A0A1B0GTS1,Q9Y6Z2
P46778,P51668
P62877,Q15370
P62805,Q96A08
O00154,Q9P0M9
P46782,P62263
P62263,Q9BVS4
Q6UW56,Q6UWE0
P06396,P60709
P30518,Q4KMZ1
P08708,P62899
Q13356,Q9H6L4
P12830,Q75N03
O60880,Q13207
O95868,P62280
A0A1W2PR19,Q9BTP7
P09936,P63279
O60603,Q16543
O95833,P02545
Q15286,Q8WXH2
Q8NI36,Q9Y2X3
O95478,P35268
P46783,Q400G9
P62244,P62753
P09001,Q9NWU5
P01116,P02647
P53370,Q71U36
P35270,Q8IWT0
P61353,Q96D46
O75503,Q8N7P3
P18124,Q96D46
P61978,Q8NB15
Q8N2U9,Q8NH40
O14964,Q9Y577
P62241,P62495
P43699,Q7Z7B0
O75521,Q969L4
P27930,Q96A72
P28070,Q06323
Q3B726,Q9P1U0
Q8N954,Q9NVP2
Q9BRT6,Q9UKD2
P09132,P09496
P56277,Q93077
Q9UK45,Q9Y4Z0
P61224,Q8NHB1
P58294,Q99551
P48380,Q15185
P08865,Q14152
P49768,Q96BI3
O60412,Q9Y577
P24588,P41159
P04921,Q00013
P62277,P62854
P62906,P62979
P62249,P62888
P19404,P28331
P46783,P62249
P13807,Q96NB2
O95298,O95299
P05386,P61513
P19883,Q5T601
Q8WUX2,Q92597
O60939,P43354
Q53GS7,Q9NWC5
O14745,Q13144
O60879,P60369
P01210,P59768
P48039,P63096
P26447,Q9UPY8
P53041,Q9NP56
P13984,P35269
Q00169,Q9H9F9
P39019,P63220
P09693,Q8N6H7
Q9BYV6,Q9UBF9
P49715,P61224
P15151,Q8IUG1
A6PVC2,O43663
P02545,Q9UPV7
O60880,P30825
P35227,P40305
P04234,P07766
Q8NBP7,Q9NUL7
O75899,Q9Y4L5
P52435,Q13503
P08708,P62249
P62277,P62847
O14818,O43639
P06703,Q969V1
O43181,Q16718
P47898,Q9P2R7
P60983,Q9Y240
P61956,Q15653
P19388,Q9H944
Q8NB91,Q9GZV3
Q86XN8,Q8IWP9
P62241,Q8N1G0
P13805,Q969Q1
O60271,P62330
Q02535,Q8NEX9
O94804,Q9UBF8
P62191,Q8N9F8
P62826,Q9Y2V3
A0A0U1RQE8,P54709
O95810,P50750
Q16181,Q96JA1
O43889,P0CG36
Q9H944,Q9NWA0
P62906,Q96D46
A0A1B0GTQ4,Q15942
P46781,P62277
Q8WVK2,Q9Y4Y9
P22681,Q6ZVT0
P12277,Q15370
P08865,P23396
P12643,P50914
Q16520,Q16534
O75934,P10620
P01909,Q14679
Q5GH77,Q9BPX1
O60936,Q6ZWJ8
P07438,Q96PL1
P25787,Q14019
Q3B7I2,Q969W1
P49902,Q9P086
P17980,P55036
P62873,Q9NRI5
P19419,Q2NKX9
P05386,P40429
P01579,Q9Y287
P79522,Q8N0Z3
O96000,Q86Y39
P08621,P62314
P62888,P62891
P01854,Q8N8N7
P50591,Q6YI46
P0CJ75,P78552
P63000,Q969G9
P0DMV9,Q9NZL4
O95721,P15813
P17980,P25788
O94956,P53999
P01148,P15509
P42285,Q9NYA1
Q13503,Q9H944
P13646,Q9Y2T5
P00505,P15509
P62263,P63220
P47870,Q6IS14
P30405,Q9Y376
O95167,O95178
P02545,Q6ZMY3
P84074,Q9UNA4
P18621,P62854
Q02543,Q99848
O14494,Q9BXY4
P05198,Q8NBS3
Q9NX14,Q9Y6M9
P46782,P61247
P0CG48,P61086
P0CG48,P43686
O43615,Q5SY16
P28472,Q16613
P22090,P42766
O75385,Q9UJY1
P07900,Q9UJ42
Q9BRT9,Q9Y248
P62266,P62906
Q15370,Q92624
P51170,P53990
O95677,Q9NVM4
P30050,P50914
P62304,Q9BZJ0
O75899,P62873
O95156,P0DMV9
P82914,Q16540
P23396,P62857
P20290,Q9H5J4
O95295,Q9UBY9
P61247,P62829
O95182,P08574
I1YAP6,P28324
P28072,Q9UL46
Q96EH3,Q9UI43
P60953,Q6NZY7
P62269,P62847
P40938,Q9BRQ3
Q8NAJ2,Q9H773
O95168,O95298
O95926,Q92620
Q9BZE1,Q9UI43
Q9NUL7,Q9NWU5
Q13323,Q92843
P08708,P39019
P13984,P61218
O60682,Q9C0K0
P05230,Q68E01
P47813,Q6QHF9
Q86WV6,Q9BWQ6
Q00403,Q9Y2G5
P04908,Q96A08
P62191,Q8TC20
P34972,Q6ZNB6
P62910,Q9UNZ5
P47813,Q86V24
P50552,Q14990
A8MUV8,Q9Y3B2
O15212,Q9NQP4
P04908,Q92560
P42773,Q14642
O43889,P05090
O75781,Q9P2R7
P51795,Q96IV0
P49901,Q8N831
P0C7I0,P60568
P60410,P63096
P04150,P63104
P55769,Q96DR8
P16050,Q9BUZ4
P06899,Q7L0X0
O75448,P19957
P62304,Q92620
P54105,Q6UUV9
P20036,P86790
Q6DKK2,Q8IWF9
Q16540,Q9NUL7
P62847,P84098
O75608,Q3ZCQ8
P21453,Q86VG3
P49768,Q9BXM7
P05386,P18077
Q9BTT4,Q9NX70
O14561,P31930
O15372,P19622
P17980,P60900
P21579,Q99584
P25398,P62841
P62906,P83731
E9PI22,O43809
P22674,P62304
O43513,O75448
Q2WGJ6,Q8IXM3
P08708,P50749
O43824,Q9H9J2
P40227,Q71RC2
P62701,P62899
Q15796,Q15797
Q13501,Q969Q1
Q30KR1,Q9H299
P08708,Q8N1G4
P52434,Q9BUE0
P00156,P56556
P33241,Q92876
O75899,Q86SI9
A6ND36,Q92769
D6R9N7,Q9UK41
P05386,P08865
P20962,Q8WU43
P55061,P62487
P62495,P62979
P62249,P62269
O15234,Q86VQ1
O15235,Q8N983
P20700,Q9BPX1
P62280,Q8N1G4
P06340,P28067
A7E2U8,P56556
O95298,O96000
O43709,P62244
P08311,P24588
O15372,Q6NW40
P10809,Q9UBW8
P46781,Q9H741
A2RUB1,Q9Y535
O14818,P62191
Q8TAB3,Q8TAE8
P18507,Q15050
P50591,Q99848
P07550,Q96B01
P62308,P62314
Q6NVU6,Q9HB20
Q2WGJ6,Q8IVD9
A0A0B4J271,P01308
O95777,Q9Y333
O95169,O95182
P25101,Q13356
P35575,Q9P0P8
P62081,P62888
P02748,Q96F86
P62805,Q6FI13
P08253,P16035
P60468,P62987
P06276,P14867
P05387,P23396
P28347,Q9NYZ1
P26373,Q7Z4P5
P62875,Q9NVU0
A0A0B4J1U6,I6L899
P61247,Q96IL0
O15013,P11926
P01597,Q6NUK4
P46782,P62269
P20248,Q9UJX2
P40337,Q9NQ69
P62280,P62851
Q06265,Q9Y2L1
P47881,Q3ZCQ2
P25398,P46781
P55317,Q9BSA4
P56880,Q86W74
O43665,P49336
P61313,Q9Y3C1
O95149,Q08116
P54578,P55039
P0CE72,Q9NPB6
Q8TBB1,Q96CX6
P62701,Q9NYZ4
P0DPF6,Q8NGD1
O75711,P62263
A6NK06,P63000
Q9NP92,Q9UI43
P79483,Q9NYL5
O60678,P15880
O43889,P02724
P15882,Q6QEF8
A4D0T7,O95297
O60939,Q96A49
Q00597,Q6UWL2
P10826,Q9NYG2
P16410,Q8IUA0
O14737,O14818
Q9H4F1,Q9NRG7
O43290,P62304
O14901,P01859
E9PKD4,O60939
P02545,P57058
A6ND01,O95073
P43699,Q9NUQ3
P02724,Q8IYT2
O60671,P31751
P19634,Q2M3G4
P0C0S5,Q7LFL8
O14994,P49005
O76062,Q9NXA8
P23946,P43364
P06340,Q5SSJ5
P82980,Q15038
Q4U2R6,Q96RP9
Q5U4N7,Q9NWQ9
P39019,P61247
P08621,Q96DI7
P15498,P60953
O75593,Q0VF49
P45844,P60709
O43824,Q9BRJ2
P0DMS8,Q92731
P02679,P05106
P48742,Q13519
O43502,O75771
P05387,Q02878
O75976,Q6PIF2
P62263,P62888
Q86TS9,Q9BYC9
O60760,Q9Y4Y9
P28331,P56556
P61218,Q15528
P34972,P59768
Q15904,Q9H3U5
Q8IY26,Q96K19
O75558,P60410
P35268,P62241
P62750,Q9Y4G2
Q8NBP7,Q9UMX2
P09234,Q8WWY3
P06734,Q9Y5Z6
P62495,P62753
O43709,P62847
Q86UU9,Q9BWT1
P01350,Q5T0B9
P62306,Q13427
Q96IZ2,Q96LS8
Q96NC0,Q9Y333
P61964,Q15370
P15291,P25786
P05198,Q9NVM4
Q9BYD2,Q9NUL7
P40692,P78364
P48552,Q8WXH4
O75489,O95178
Q6UX04,Q9HCS7
P08754,P62873
O14828,P16104
P48552,Q8NHZ8
P05231,P08887
A6NC98,Q9BZI7
P50895,Q9HB15
P35346,Q8IXH7
P01848,Q9Y232
P34897,P35270
P09234,Q15459
Q6DD88,Q8IWV1
O43824,Q9H2W6
O60609,Q9UNF0
P82663,P82673
P35269,Q7Z7C8
P22090,P62829
O14777,P05161
Q49A26,Q96K12
O75348,Q15596
P05388,Q8NC51
P62304,P62306
P13232,P61604
P22914,Q9BTT0
Q2NL82,Q9BX93
O95870,Q16655
O75995,Q13323
A4D2B0,Q8NCP5
P21554,P63096
P61218,Q9H204
P62854,Q6UY09
O76014,P01570
O60921,P53803
P62244,P62495
O43699,P34910
P19652,P68871
P62495,Q9Y3U8
P62308,Q13427
P62241,P62244
O00159,Q15070
P18621,Q8NBP7
O60609,Q8WV16
P62829,Q96D46
Q6A555,Q92989
Q9H2W6,Q9UI43
P62841,P62857
O75530,Q8NGL2
Q13951,Q15370
Q5CZA5,Q9HD33
B7Z8K6,P04234
P23396,P62244
O60500,Q9Y2W6
P29374,Q6ZRR5
O14508,Q9BWE0
Q8TAE8,Q9H115
P62877,Q13617
P0C2L3,Q15370
Q8IXM3,Q9NWT8
P61247,Q9BVS4
P30153,Q86YW0
Q13405,Q9P0J6
P61513,P62424
P05198,P62273
Q15788,Q96RI1
P0DN80,P50553
P33991,Q9H341
P31151,P40306
A1L167,P62263
A8K5M9,Q0VGL1
Q9UBZ9,Q9UNA4
Q9BZE1,Q9HD33
A0A0B4J1U6,P61158
P51580,Q9UJN7
O14639,Q9P2I0
P08621,Q9Y3C1
O95257,Q9P0V3
P15509,Q9BYD6
O14964,O15442
O75934,Q8IYB3
Q9GZQ3,Q9H0A8
Q8TCC3,Q9P0P8
P60880,P63027
Q96DV4,Q9NQ50
P48595,Q92558
Q15125,Q9BV81
Q8IXM3,Q9NUL7
P06340,Q8NCA5
P20248,Q12834
P05387,Q96L21
P25791,Q5GJ75
P50225,Q8IXF9
P62891,Q9NRC8
O43665,P08754
P62495,P62891
P61978,Q8IXB1
P04637,P06899
Q8N684,Q8WUP2
O60888,Q9H2L4
P62136,Q5SWA1
O43504,Q07869
P0DPK2,P62318
Q16543,Q6UXD1
O75396,O95486
P10412,Q16559
A0A024RBG1,Q53GS7
P62841,Q8NC51
Q9NUL7,Q9Y6G3
P54725,P55036
P08621,Q96LI6
Q7Z5G4,Q9NS61
O75899,Q6UXH1
P08865,P46782
O95006,Q96DZ7
O60244,Q9Y6E7
A0A087WWA1,Q49A17
Q13098,Q7L5N1
Q15554,Q96AP0
P05106,P62318
P04908,P62805
O14893,P62306
P04141,P32927
I1YAP6,P0DMV9
P86496,Q9NUK0
P62312,P83876
A8MT69,Q14188
P46527,Q96BD8
P08708,P23396
P62805,Q96H22
P63104,Q92934
P51948,Q15543
O75636,Q9UEE5
O75608,Q06432
O14683,P54727
P0DM63,Q5VVC0
Q15019,Q16181
P19883,Q9NRQ5
P09936,Q14134
O60341,Q9NWW9
O60566,P60006
P0C0S8,Q71DI3
P35226,Q15125
P61218,Q99590
P46976,Q53HC0
P08779,P53365
Q8ND04,Q9H0W8
P06307,P32238
Q8NGF8,Q96F46
Q96CB9,Q9BYC8
P62495,Q99972
Q9H6T3,Q9NUG6
P62879,Q96M53
Q00403,Q8N3X1
Q8NGY5,Q9NPI8
P62987,Q9NX58
P05198,P62979
P01597,Q9H1K4
P05198,Q13144
P08473,Q96MK2
P05161,P60763
Q6GTX8,Q9BYP8
Q4U2R6,Q9HC36
O43586,Q5T2D3
P16066,Q0VG06
Q13617,Q15370
P20702,P35226
Q9HC36,Q9NWU5
P62244,P62857
P04150,P51398
A6NDV4,Q13322
P08908,Q86XF7
P06396,Q147U1
P19387,Q9Y3C7
Q9BVI4,Q9C0E8
P39019,P42677
O75489,O95169
P61758,Q53HC0
P0CF51,P20963
P78382,Q8WWF3
P04908,Q99961
P31321,P38936
P09012,P0DJD3
Q5BKT4,Q5VT66
P28845,Q8TDP1
O60682,P35212
O14893,Q32MK0
O00206,Q9Y6Y9
P62753,Q8ND94
P02760,P08865
Q6P1S2,Q8N565
P20248,P30260
P49207,P62945
Q8NET1,Q96PD6
P13807,P46976
A0A5B9,Q9BYT8
P63098,Q0D2H9
O15541,Q9H6L4
P57075,Q99828
P06899,P10636
P05198,P62280
P05386,P18124
O14561,P07919
P22087,Q9BVJ7
P04637,P36954
Q8TAE8,Q9P0P8
Q96RP9,Q9BYC8
Q2MKA7,Q68DV7
P02766,Q86YC3
P51668,Q14318
P61247,P63220
P62308,Q96SB8
P61204,Q96H22
Q9BVK2,Q9NR31
Q5TA79,Q9BYR7
P39019,P62277
P62195,Q15942
P62263,Q8TAF7
Q8WTU2,Q9NRQ2
O75534,P08172
O75506,Q8IWL3
O75448,P62487
P82673,P82914
O43463,Q6NXT2
A6NNZ2,Q9NV70
P30085,Q9NY12
P34741,Q8TAE6
P54105,Q9BQ89
O60603,Q96LM5
A0PJZ3,P62487
P62857,P62906
O75821,Q6NUJ2
O95178,P14927
P01861,P55899
P18621,Q9NUH8
O15205,Q13111
P61326,Q9NUJ1
Q16543,Q6PIF2
Q96GA3,Q9NRX1
P01730,Q5T749
P36941,Q12933
Q5H8A3,Q9P086
P31153,P81277
Q16763,Q9UJX4
P01574,Q569K4
P62316,Q9BYZ6
O43678,P56181
P01374,Q86VR7
P22459,Q8WUW1
O00206,Q9NPH5
P28331,Q9UI09
Q6P161,Q9H0U6
P29372,Q96EK9
P08754,P48668
O43581,P32927
O14893,Q9H1P3
P32242,Q3LI64
O75610,P38919
Q06330,Q92585
P16104,Q8IXH8
P11908,Q8NCG5
O95562,Q9H6H4
P62913,Q96MA1
O95466,Q6P1K2
P51665,Q9UI46
P62491,Q4G0W2
P09211,P29375
Q16543,Q9UKM9
O95178,P08574
Q96LY2,Q9UGY1
P16519,P63104
P02545,P19622
P23396,P52735
Q13503,Q9NPJ6
P15880,P62857
P0DMV2,Q96IV0
P06850,P51636
P34741,Q8NAT1
O75899,Q9HCG1
O14733,P08887
P61088,Q96FW1
O95486,Q9UI47
Q16552,Q9H239
P17693,P62805
O95983,Q9Y5W3
P36954,Q9P086
O00744,Q96IV0
O00264,P63208
P0C6T2,Q9H0U3
P05198,P62753
P50991,Q6ZVW7
P82912,Q9BYD6
A8K0R7,Q9BZI7
P23229,Q6P4F2
P62263,P84098
P05198,P20042
O95139,O95167
P46783,P62273
P04040,Q9UQB8
P42285,Q6NZY4
P40337,Q9NYV4
Q16557,Q16655
O60934,Q96T51
O14653,Q9Y2D9
O94956,Q9UBY9
P01579,Q86V20
P07306,Q8IWW8
Q99714,Q9BWG6
P0CG48,P55036
Q5T1J5,Q6P093
O00623,P29033
P61224,Q8WWW0
O75037,P68036
P62280,P83881
P27348,Q9UQB8
P62269,P63244
Q8NEA6,Q9NY12
A6NK89,Q969H6
P08908,Q96N19
P28068,Q8NH56
P01286,Q96PE7
Q8IYB3,Q96DI7
P28288,Q1ZYL8
Q8WXC6,Q9UNS2
A3QJZ6,P49005
P53803,Q9BTT4
P62851,Q8N9N8
O43513,O95402
P0C0S8,P62805
P34820,Q6P4F2
P62857,P63244
P08708,Q9BVS4
P28221,P49450
O43824,Q9P015
P62495,P62701
P06870,Q5VZQ5
P04637,P26447
P62316,Q16637
P0C5Y9,Q5VVY1
O95670,Q15762
A5PLL1,Q71DI3
P00414,P09669
P32969,P42677
O95251,Q6PH85
P48061,Q13291
O00219,P08708
P10721,Q9NPD3
P35268,Q8NC51
O60783,Q16540
P53621,P62269
O95251,Q9P2T1
P02675,Q969H4
O94972,O95149
P05386,P36578
P13807,P49841
P62081,Q96EC8
P62241,Q9UBQ5
P57723,P62879
P02763,Q99574
O15379,P07360
P62750,Q9BXN6
P52747,Q05086
P06899,P62805
A6NDI0,P84085
P51571,P60059
P17181,P36542
P05198,P41091
P0CG48,Q9UBL9
P06312,P60893
P15884,Q16559
A6NN92,Q5VT79
Q9UK45,Q9Y4Y9
P62913,P62979
O14653,Q9NVH0
O43678,P08574
P05386,P63244
P08253,P80098
P28324,Q5T6L9
O96000,Q8NBB4
P17302,P28908
A6NHJ4,Q86XR7
P62891,Q96T75
Q9NZE8,Q9UI43
P0CG47,Q9UJX5
P51553,Q9NP55
P82663,Q4U2R6
P46199,Q9Y291
Q9P0J0,Q9UDW1
A0A5B6,Q8TAF8
P04637,P20248
O95777,P83876
P62841,Q96CT7
P62826,Q14061
P38405,Q96DV4
Q8N983,Q9H0U6
P42766,P62273
P06899,P38398
Q9NW82,Q9NXE8
P09001,Q8NFP7
P0DP23,P19634
Q8NFP4,Q92905
P59768,Q6PIZ9
O75608,Q9UH03
P25398,P62857
O15296,Q96IV0
O14818,P60900
Q53GS7,Q9UII5
O43809,Q7L0R7
O43824,Q8TCC3
P20963,Q8N8Q1
P51157,Q5TYW2
P40337,Q15370
Q86WQ0,Q92686
Q96DV4,Q9H0U6
P09038,P21266
O15235,Q7Z2W9
Q9BZJ0,Q9HCS7
Q5RL73,Q9BWG6
P01909,Q8IWL3
P38435,Q9UQB8
P40337,Q92905
P53803,Q6B9Z1
P41219,P63000
Q96LC9,Q9NP94
O43678,P03905
P51970,P54868
P39023,P62495
O15234,Q9BYZ2
P01911,P06733
Q96DV4,Q9NZE8
O76076,P01210
P08476,Q9H3U7
A8MXE2,P46782
Q6P2I7,Q6ZV60
P05231,Q5QGT7
O14818,P0CG47
P17181,Q9BY50
O00206,Q9NY64
Q16552,Q96PD4
Q5SV97,Q8IWL3
P14635,Q9NRZ7
P53365,Q6PKC3
P18124,P61513
O75503,P61981
O00483,P15954
Q15910,Q92623
P56537,P62888
P05386,P62266
P62805,Q8IYW5
P83876,Q2TAY7
P62913,Q969S3
P56750,Q9Y2D2
P58005,Q96H22
O75828,Q5QGZ9
P05090,Q6IQ22
Q8ND24,Q9UI95
P62249,P62841
P15509,Q9H0W7
Q96J02,Q9H3D4
P49841,Q6ZMY9
P02792,Q96H20
P43320,Q9NQ25
P05388,P22090
P62875,Q9NVC6
Q16555,Q5VTR2
P08708,P63220
O95231,P05106
Q15833,Q15906
P62081,Q9NWS1
P55851,Q9H270
P08708,P46782
P04150,Q04917
P56179,Q9Y6M9
O60284,P68431
P11686,P59190
P62857,P62899
Q3ZCQ8,Q6A162
Q12933,Q13489
O15212,P50991
P62280,P63220
P08865,P62269
P63000,Q6ZU80
Q03188,Q96IY1
P15923,Q9Y4P8
P08579,Q9Y314
P62256,Q15904
O95156,P62277
Q969G2,Q9BYQ9
P82673,Q04725
P49721,Q96P16
Q9BZI7,Q9Y5S9
A2RUQ5,P20265
P23396,P60866
P01909,Q5JRC9
P63151,Q14152
O14681,P50914
Q16619,Q96JC1
Q4V326,Q9P0V9
P05386,Q8NC51
O43567,P00533
P30511,P43629
P20338,Q9UJQ7
O60811,Q86Y79
Q00987,Q86VL8
P15880,P62244
O43823,Q9Y294
O75396,Q15436
O75506,P05111
O95460,Q9NYJ8
O60671,P31942
Q9NX70,Q9Y3C7
O75934,Q9NXE8
P07550,Q496M5
Q8N983,Q9NUL7
P62891,P83881
P14927,P19404
P62241,Q9H1V8
P39900,Q96D46
P14678,Q9NXE8
P62244,P62847
P20774,P53004
Q12962,Q9BWJ5
P47813,Q9BXN6
Q96RP9,Q9Y3D5
P05387,P46779
P52888,Q9NR50
P26927,Q8WWY3
Q6PJ21,Q99877
A0A075B6S6,Q1ED39
O00178,O95999
O94885,Q30154
O75920,O96008
Q16630,Q9ULX6
P55317,Q8NCC3
P28331,Q14626
Q9BQ48,Q9UI43
P52815,Q9BT17
P05156,Q71DI3
P20042,Q8IXL9
P0C6C1,Q8N668
P51114,Q5MJ09
Q96RP9,Q9BQC6
P62249,Q13069
Q15910,Q8TEW6
P53999,Q7Z6J6
O43566,Q9NSC2
P46527,Q6VMQ6
P50895,Q9HCJ6
O75586,Q13503
O75879,Q9UKL0
P48431,Q9NZL9
A2RTY3,Q9GZQ3
Q3SX64,Q5RKV6
Q16548,Q96P66
P08648,P62277
Q9BUR4,Q9NPE3
P04637,P27694
Q15906,Q8WUD4
P37173,Q13685
P46777,P62495
P49721,Q16611
P0C0S5,Q9BTT0
O75496,Q9BQI3
P48146,Q8ND90
Q13042,Q16763
E9PGG2,Q8N4L2
P07814,P28482
O15143,P61158
A0A5B6,P01889
A0A0B4J268,P15311
O95136,Q6P1J9
P19876,P62701
P46781,P62906
P11926,P59537
P49411,Q8TAE8
Q7Z7H8,Q96RP9
Q86T26,Q9NPC8
P28066,Q5MCW4
O60894,P0DMU7
Q16594,Q92759
P61218,Q9NWA0
Q7L523,Q9Y2Q5
P56746,Q15910
P09132,Q8IZC4
P18621,P62987
P00414,P14406
P61247,P62269
O14964,Q96M63
P47813,P62266
P08034,Q9BUT1
O75452,P62913
P46781,Q9BRS2
Q9H0W8,Q9HAF1
P01732,Q9Y330
O43543,Q9BUI4
P09038,Q9UJW0
A0A0B4J268,A0A1B0GVZ6
O95059,Q7Z5A4
P01861,Q86UW1
Q96RP9,Q9BYD3
P30153,Q9Y570
P05000,Q00056
P61224,Q15738
P41091,Q16790
P50539,Q53S58
O14957,P56556
Q8N5D6,Q9Y5Q6
P62273,P83881
P31947,Q9NZD4
O75493,Q9NQ39
P49207,P62854
P62424,P63220
P08887,Q02246
Q8IXR9,Q96MT1
P62136,Q9UQ13
P30511,Q14943
O95918,Q4G0M1
P51116,Q9BXJ2
P49789,P51665
A6NKH3,Q8N3F9
P62249,P62424
P20042,P61221
P18077,P62847
P32927,Q9Y6P5
P28906,Q9Y2Q5
A1L453,P28331
P98172,Q13488
P04908,Q8IYW5
P15509,P32927
O95182,Q86Y39
P0CG48,P54727
O95983,Q9BYE7
P28300,Q9BYE2
P62875,Q9NWA0
P25398,P62244
O75715,Q6NXT4
O00400,Q9HC62
Q8IW93,Q9UGQ3
O95819,Q9HAU4
P27635,P62249
O95295,Q6QNY1
P62917,P62979
O95190,Q9NYW4
O43824,Q9BYC8
Q8NC69,Q9BRQ8
P62269,Q9UI42
Q8N6C8,Q9H944
P62847,P62906
Q5H9L4,Q8N0X7
E9PRG8,Q02878
Q1W6H9,Q5SSJ5
O75306,P07919
A8MQ27,O60711
P37231,Q15596
O60921,O95259
P23193,P62487
O75593,P22674
Q8TCC3,Q9BYC9
P27348,Q9NRI5
P62987,Q15797
P05198,Q8N9F8
O60636,P01780
O75787,Q14CZ8
P42285,Q9UN79
P67870,Q8IV63
P46781,P63244
P62979,Q2NL82
O60894,P58304
P49910,Q9NWS9
A1Z1Q3,O15239
P50990,Q9H6F2
O14763,P61247
P50750,Q8NEQ6
Q15904,Q16473
P05387,P62081
O75558,Q14956
P82930,Q96RP9
Q16236,Q6P1K2
P11831,P28324
F8WBI6,Q15910
P49848,Q9Y535
A6NFI3,P39748
P05386,P39019
P51956,Q15906
P78417,Q9BYQ0
Q15070,Q96A35
P00167,P62877
O43290,P09234
O15400,Q8N5K1
P27449,Q13324
P42773,Q7Z2G1
P62837,Q8IY49
O43290,Q9H3Z4
P04908,Q9NXA8
P23396,P46782
P46783,P61247
P0C6T2,Q14165
Q8TAP6,Q9NP98
O95644,P62879
P05198,P62277
Q6P161,Q9UI43
P62304,Q16637
P31946,Q9NP71
P42702,Q9UI95
P51665,Q6ZMN8
P47914,Q969S3
P11912,Q8N5M9
P82912,Q96RP9
P55289,Q5VYX0
P02753,Q6P5W5
Q92917,Q9BWG6
O75131,Q8NCN4
P05386,P42766
P04921,Q495W5
P10589,Q00403
O75771,Q8N5J2
Q8N5N7,Q9H0U6
A8MPX8,Q5VVY1
O43709,P62249
P62945,Q9NX70
P21728,Q9UH77
O75629,Q9NQH7
P49406,Q96RP9
P20042,Q14232
P25398,Q9C0D7
P09661,Q9P013
O60783,P82914
P08708,P61247
O95297,Q9UNM6
P62917,Q969S3
P47813,Q9NQ87
O94888,Q02548
P06734,Q8NEJ0
O95139,O95168
P62979,Q9UK32
Q16540,Q9NPF7
Q8NE86,Q9NQX5
P05026,Q86Y39
O15392,Q53HL2
P0DMV9,Q7Z3B0
P83876,Q9BV90
P27635,P39019
P62316,Q2TAY7
P11908,Q8WUA2
O75054,P05106
Q6P1N9,Q92564
P53350,Q13489
P28300,Q9UBX5
P31040,Q9P0K1
P49736,Q9NVP2
P63000,Q9H3Q3
P82663,P82664
P52630,Q9BZZ5
O95182,P31930
P42677,P62273
P05387,P84098
Q15369,Q92624
O14792,Q8N0X7
P03950,P62308
P55769,Q96RK1
Q8NEP3,Q96JC1
O14718,Q9H081
Q1RMZ1,Q6NX45
P68431,Q9ULG1
Q8TCC3,Q9NX20
P62847,P63244
P08253,Q8IVV8
P07550,Q8N8E2
P26371,Q9HB63
O75448,P52435
Q13098,Q15370
P60468,P62891
P62273,P62280
Q7L523,Q9P278
O14936,P30153
P0C0S5,P62805
Q16514,Q96F83
P54727,P55036
O75907,P21580
O95139,O95298
O60759,P50579
O75506,P15813
O60930,P84550
Q13098,Q92905
P09001,Q9P0P8
Q17R89,Q92624
Q9NQ50,Q9P0J6
Q01995,Q96AP0
P08579,Q8IYB3
P26447,Q9HBG4
P05386,P15880
P01374,Q7RTV2
O94973,Q8N8F7
P62318,Q7L0Q8
O14893,Q16637
O75899,Q01064
O14807,Q9UQ13
O00206,P58753
P28068,Q15750
Q16348,Q93038
Q15369,Q712K3
P62304,P62308
Q3LI73,Q9H6Z9
A0A0B4J1U6,P01889
O75380,Q5DT21
Q16613,Q9H252
P39905,P46781
P50552,Q14954
P53041,Q16543
O43660,Q9H6L4
P43234,P51970
P19447,Q16514
Q7Z2W9,Q969S9
P48167,Q13569
P49450,Q8WZ82
P08708,P25398
Q13503,Q9NWA0
P30050,Q8NC51
P10809,Q8NHQ1
Q8IVW8,Q96I99
Q8IXM3,Q9H3J6
P01889,Q9Y3D9
B7Z8K6,P07766
O95843,P40938
P62424,P62888
P82663,Q96A35
P10645,P63244
P29017,Q5JS54
P59534,Q8TCJ2
O60671,P04035
P56556,Q9Y5H7
P15812,Q5T4B2
Q16832,Q9BYD2
Q96HY6,Q9BPY8
P27635,P62851
P48163,Q8NHY3
Q06265,Q9Y3B2
Q86XR5,Q9BT17
P46781,P62899
P09038,Q9BZZ5
O43824,Q4U2R6
P08621,P62304
P02786,Q13322
P43080,Q7RTV0
P62318,Q9BTD8
P08708,P54710
P19883,Q13401
P08172,P62873
P59910,P62753
O95229,Q96SW2
A6NMX2,O75473
O75995,P17181
O15273,Q92928
O43903,Q96DV4
P20023,P40933
P07510,P60369
P11686,Q2M2W7
Q8N6F1,Q96DU3
P01185,P47881
O43824,Q9BZE1
P02647,P83110
P62847,P62857
P04141,P50222
P08708,P62269
P46199,Q9Y2R9
Q8N983,Q9UI43
P42677,Q86SG2
P13805,Q96S37
Q15070,Q9P202
P62273,P62753
O43567,Q9H5F2
O75448,P61218
P28324,Q03395
P16035,Q9H0Y0
Q8WY98,Q969S6
Q8N6W0,Q969Q1
O00451,Q01094
P62249,P62495
P13861,P24588
P23396,Q9Y4B4
O75608,Q9BXA7
Q96DV4,Q9UI43
P41091,P61221
P62195,Q6VY07
Q9UBW8,Q9UNS2
O75554,Q9NWB7
Q9UJX3,Q9UM11
P62241,P62249
O43824,Q96EL3
P48729,Q96SW2
P23945,P50222
P31947,P62879
Q9UNQ2,Q9UNX4
P22695,P49821
P62314,Q9NXE8
O95777,P23582
P04908,Q92831
Q9NUL7,Q9P015
P25789,P54578
P62945,P62987
O75554,P62316
P35858,P62258
O96000,P15529
P18507,Q6P499
P01584,P10696
P61077,P68431
Q8IYJ0,Q9P0M4
Q8NFW5,Q9ULM3
P0CG47,Q9UNM6
P46781,P62249
Q71SY5,Q9BTT4
P31749,Q99496
P57738,Q9NV70
P56747,Q9BWQ8
P62873,Q9NUK0
A2VCK2,P62072
O75173,Q30154
P25787,Q8TF66
P07550,P24666
P62273,Q9NV56
P46782,P62495
A0A5B6,Q9NS68
P43351,Q9BPX1
C9JC47,Q16543
O43900,Q9BXB7
O95990,Q9UNE7
O43543,O75771
P62316,Q9UK59
O94955,Q92558
O43567,Q9Y256
Q9BVJ6,Q9Y2X3
O75554,P62308
P62166,P86480
P46783,P62277
P10768,P62877
P24557,Q16695
P40306,Q8WZ04
P04908,P06899
P55916,Q9BSA9
P15509,Q01844
P42677,P62841
P62888,P62906
O95299,Q16718
P20382,P98175
P30511,P43630
Q15427,Q9H6L4
Q9BSC4,Q9BVJ6
P02545,Q96JK9
P09001,Q5HY98
P26718,Q8TCJ2
P29372,Q53FZ2
P15880,P60866
O43824,Q9NRX2
C9JCN9,Q9BUL5
P31947,Q5VTQ0
Q13888,Q15542
P00995,Q9UJK0
P10767,P61601
P62316,Q5RL73
O76076,P59768
O94864,Q16082
Q5T0U0,Q96LD8
Q8N4E4,Q96FM1
P05165,Q07617
P49411,Q9P0M9
P30511,P61769
O15042,Q9UBQ5
P31153,P58005
Q8NC26,Q9NR50
O60671,O60921
P19388,Q9H2S6
P05155,Q13330
P19397,Q9UH17
Q5RL73,Q9P021
P17022,Q8N5N7
O60678,Q9UM82
Q16540,Q9NYK5
P62070,P62760
P82664,P82914
P36954,Q9NX70
P09471,P20839
P06400,P20248
P62304,P83369
Q4G0W2,Q92482
P61254,P62495
P50583,Q8IX18
P32249,Q5VZV1
O60220,P60891
A1A4F0,Q96PE7
Q6IEZ7,Q9BWJ2
O75324,Q96MU8
P11940,Q9Y376
P05386,P23396
P62249,P62857
P11686,Q9BXK5
B7Z8K6,P20963
P13671,Q9NPE3
P61978,Q8TEB7
Q96CX3,Q9HBL7
P14210,P19388
Q9BYN8,Q9Y3D9
O75461,P62913
O95154,P49759
P09001,Q6VEQ5
P02679,Q9H9F9
Q16659,Q9H6Z9
P62277,P83881
P29372,Q8N807
O75558,Q2MJR0
P15559,P34897
Q8N8X9,Q9NR28
P83369,Q969L4
P02042,Q15907
P39019,Q8N9N8
P48050,Q9H3M7
Q00013,Q8N4L2
P40616,Q8TEU8
P48448,Q2MKA7
A6NI72,O75821
P62841,Q9H4I3
Q53G59,Q8N8B7
P27348,Q99459
O75150,Q9UK45
O60260,Q9Y6M9
P35318,Q13324
O14503,Q15038
P49916,Q9H3D4
P58335,Q99459
P98170,Q6GPH4
A8MQ03,Q96H86
P01597,Q9NR12
P22674,Q9NNZ6
P62888,P62945
P30281,Q7Z6G3
P55081,Q8TAD8
P08138,Q9NVX0
Q9NP92,Q9P0P8
P46782,P62857
P53999,Q14005
Q15904,Q6ZMC9
O00160,Q9GZQ3
A6NP11,Q9NX70
Q8N8R3,Q9H0W8
Q8TEQ0,Q9UJY1
P28472,Q8WUW1
P15509,Q9H8H2
Q8NEW7,Q96BI3
P63146,Q6AI12
P63104,Q9P0N9
A0A075B767,Q16236
A0A1B0GV85,Q4G0S4
O60711,P57768
P09417,P40938
Q969H6,Q9H633
O00311,P25311
P52298,Q9BZL1
P82930,Q16540
O14543,O75792
P10809,P54826
P48431,Q16534
Q16204,Q9UBQ5
Q9BZJ0,Q9Y3C6
P08865,P62841
O75593,Q15796
P19793,Q75WM6
P22794,P40692
P62826,Q9HCJ3
P08034,Q9H7P6
P83369,Q9P0L9
Q96DW6,Q9H4T2
Q8NBT3,Q9H3D4
O95777,Q9Y4Z0
O95178,Q86Y39
P26678,Q6N075
P0DMV9,Q9NYG5
P60369,Q4VXU2
O75586,P59646
Q8IUG1,Q9BYR5
P02686,Q30154
P83110,Q9BV36
Q8N5N7,Q96RP9
Q9Y2B4,Q9Y689
O60880,P78413
O15239,P0DOY2
P35269,Q7Z418
P61353,P62945
P62266,P62888
P82933,Q9BYD1
P18124,P62945
P62310,Q9BS86
O43504,Q0VGL1
P46781,P62851
Q9BTT4,Q9BUE0
P62081,P62495
P05388,P18621
P40933,Q8NEG0
P08621,Q9H0U9
Q8TAE8,Q9NY28
P01764,Q495B1
P22681,Q9C0F1
O75525,P09234
Q3ZLR7,Q96EV8
Q96A72,Q9ULR0
P35269,P53803
P37231,Q14520
O75570,P20061
P53990,Q9UQ10
P59768,Q8TCY5
P29084,Q00403
P08476,P19883
Q6PCB6,Q9Y271
P83105,Q9UHW5
P25398,Q96L21
P01850,P01911
P09471,P59768
Q07001,Q16773
O00193,Q15554
P07737,P24855
P28065,P80365
O75438,P31930
O96000,Q5TG30
P62424,P84098
Q3SYB3,Q9NV70
P82914,Q9Y399
P08172,Q9BXU3
A6NH52,P50552
P68431,Q9NQR1
P62314,P83876
O75506,Q92917
P98172,Q9Y450
P62277,P62979
P37231,Q9Y5L4
P43405,Q13330
P05387,P49207
P34741,Q9ULH4
A0A183,Q5BLP8
P62304,Q2TAY7
Q12874,Q9Y3B4
A5A3E0,P62753
O95777,Q9Y253
P62993,Q8WVK7
P39019,P63244
O95777,P14678
P05386,P60866
P08865,P46781
P13861,Q8NB50
Q6B0B8,Q96A56
Q9H2K0,Q9Y291
P0DPF6,P20042
P04259,Q9NQT5
Q96DI7,Q9H6L4
P20292,P53803
P25705,Q9UI10
P62826,Q6NXT2
O75380,Q9Y6M9
P61960,Q14956
O43660,Q9NW64
O43809,Q15545
Q9UBY9,Q9UJY1
Q14213,Q6UXA7
P54619,Q8IYK2
O95859,Q9H2A7
O94777,P07900
O60244,Q6UXS9
P42566,Q9H270
Q96JW4,Q9BQ51
O00206,Q8N699
Q52LA3,Q92784
P02545,P50402
P83369,Q9UKF6
P43627,Q92870
P53365,Q9P260
O43920,P14927
P40227,Q6ZQY3
P05386,Q96L21
O60248,P32238
O75593,Q8TCN5
O75525,P15880
Q8NEP7,Q96LB2
O95455,Q00987
A0A5B6,Q9P2B7
O43513,Q92805
P46199,P82932
Q9P021,Q9Y3B4
Q15904,Q86XM0
P62263,P62495
Q8NH19,Q9NWW6
O76036,Q969Q1
O43639,Q6DD88
P29372,Q9BPX1
Q8N5T2,Q9UBU7
P01374,Q9BRI3
P10747,P27986
O15392,Q99705
P98172,Q8NHW5
O60870,P62316
O43623,P21554
Q15942,Q9P2G1
P56817,Q99062
P08579,Q7L014
Q7Z2W9,Q9NUL7
Q9NVJ2,Q9P0P8
P09693,P20963
Q9HB90,Q9Y2Q5
O00206,Q8NCM2
O60291,Q99816
O43543,P19957
O75787,P59103
P57075,Q9UHA4
P62891,P84098
P56537,Q969S3
P47813,Q02928
P24593,Q9H9P2
P60369,Q86X02
O43513,O60244
P10809,Q9H9R9
O14893,Q00005
O60870,P62308
O75069,Q9P015
P62191,Q6RUI8
P62314,Q9UHP6
P15382,P60568
P63279,Q9BYV2
A6PVC2,P40937
P06753,Q8TE99
Q15369,Q7L5N1
P01920,Q92966
P06746,P16402
P02545,Q9H8M5
P08579,Q9NXE8
P40306,Q8IU81
P05387,P62841
P82650,Q9H2K0
B7Z8K6,P0CF51
P46527,Q8N8U9
P42677,Q9ULC4
P19404,P49821
P40227,Q13885
O00217,Q9BVC4
Q8TCC3,Q96DV4
P19087,Q96E93
O15144,O15511
A4D1E9,Q9H0U6
P54619,Q9BWJ5
P50502,Q9P0M9
O94955,P39019
O14964,Q8N815
Q2QD12,Q2TAA2
P34897,Q92903
Q5T653,Q9BYD2
P51553,Q5UE93
P61604,Q7Z5Y7
P0CG47,P61088
P05106,P79483
P49721,Q8WXS3
P62324,Q9H2W6
B0I1T2,P35249
P61218,Q92917
Q13098,Q99627
P62244,P62249
P0CG48,Q9UNM6
Q8N697,Q9Y253
O75554,Q2TAY7
P62277,P62753
P63279,Q13569
P62495,P62906
Q6ZT21,Q96QZ0
P63000,Q9NQV6
P47914,P62857
P34998,Q96FC9
O60260,O95630
P05387,P62753
P18621,P62280
O00139,Q4G0W2
P0DPK4,Q6EMK4
P49721,Q8NBC4
P63096,Q969X5
B7ZBB8,Q16633
Q5VZ72,Q9NS18
O15273,Q7Z2H8
Q15040,Q8IUG1
P22307,Q00597
P05019,Q9UHA3
O95158,Q71DI3
P50539,Q9NZ01
P63096,Q96LB2
P50222,Q7Z698
O14949,Q9NX14
Q15843,Q86VZ1
A8MZ97,Q9BZJ0
O60704,Q9GZQ3
P62269,P63220
P46782,P62244
O00757,Q16637
Q8N668,Q9NUR3
O75489,Q8IWZ5
Q13351,Q8IXQ9
O43741,P0CG21
P62273,P62277
O75436,Q13427
P62263,P62857
P22087,Q15762
O95169,P08574
P46781,Q9NUG6
P08621,P56555
P43628,Q9H313
O60682,Q4LDR2
P07900,Q13451
P17936,Q6P1K2
P54852,Q8TAF8
P43699,P55317
O14508,Q15369
P05387,P46781
O15265,O43181
P05387,P83731
P27348,Q96RK0
P62857,P63220
P05387,Q9Y3U8
P08253,P09466
P29372,Q9UPN6
P82980,Q8IUZ0
P61758,P62070
A4D2P6,Q16552
P11836,Q9Y6E2
P20815,Q7RTV0
Q9HB96,Q9NPI8
P05165,Q6UXP7
Q96F63,Q9GZL8
Q8NC69,Q9NRX3
Q969S3,Q96L21
P50553,Q96DL1
P60866,Q9BVS4
P48436,Q13951
Q9BUI4,Q9Y535
P53803,Q96RR4
P08865,Q96E35
O43447,P62316
A9YTQ3,P11926
P08621,P62316
P62070,Q8NBI2
O43583,O75175
P63244,Q96GA3
Q14197,Q9P0P8
P52298,P55064
Q96J02,Q9H3M7
O75822,Q96ES6
